,X,EH_ID,experiment,completed_mice,labels,Repeated_DNA_extract,dpi,Utilised_fecal_mass_for_DNA_extraction_in grams,Extraction_round_1,Extraction_round_2,Errors_during_extraction,E57_Sample_status,VJD_Sample_status,Faeces_for_RNA-SEQ,Date_of_extraction,Executor,Sample_location,V_H20,Date and Time,Nucleic Acid Conc.,Unit,A260,A280,260/280,260/230,Sample Type
1,3,LM0179,E57,,E57aACD,,0,,,,,Found,Found,,,,Box_5_Row_4,,,,,,,,,
2,12,LM0179,E57,,E57aMQS,,1,,,,,Found,Found,,,,Box_5_Row_4,,,,,,,,,
3,2,LM0179,E57,,E57aHUY,,2,,,,,Found,Found,,,,Box_5_Row_4,,,,,,,,,
4,6,LM0179,E57,,E57aHKT,,3,0.0109,with_beads,with_beads,,Found,Unknown,,05.04.2022_B1,Dileshi,Box_5_Row_4,,4/5/2022 3:49:42 PM,51,ng/µl,1.019,2.846,0.36,0.3,DNA
5,5,LM0179,E57,,E57aELN,,4,0.0580,with_beads,with_beads,,Found,Found,,05.04.2022_B1,Dileshi,Box_5_Row_4,,4/5/2022 3:48:03 PM,-140.3,ng/µl,-2.805,0.757,-3.71,-0.8,DNA
6,9,LM0179,E57,,E57aVXY,,5,0.0374,with_beads,with_beads,,Found,Found,,05.04.2022_B1,Dileshi,Box_5_Row_4,,4/5/2022 3:53:42 PM,-102.8,ng/µl,-2.055,1.153,-1.78,-0.41,DNA
7,8,LM0179,E57,,E57aRVX,,6,0.0389,with_beads,with_beads,,Unknown,Found,,14.03.2022,Alexa,Box_5_Row_4,,3/14/2022 2:07:55 PM,33.9,ng/µl,0.677,0.39,1.74,1.05,DNA
8,4,LM0179,E57,,E57aBEJ,,7,0.0248,with_beads,with_beads,,Found,Unknown,,21.03.2022,Alexa,Box_5_Row_4,,3/21/2022 1:21:52 PM,155.2,ng/µl,3.103,1.776,1.75,0.69,DNA
9,10,LM0179,E57,,E57aOQZ,,8,,,,,Unknown,Unknown,,,,Box_5_Row_4,,,,,,,,,
10,1,LM0179,E57,,E57aGTY,,9,0.0363,with_beads,with_beads,,Found,Found,,11.03.2022_B2,Dileshi,Box_5_Row_4,,3/11/2022 6:03:17 PM,198.2,ng/µl,3.965,2.19,1.81,2.13,DNA
11,7,LM0179,E57,,E57aBLZ,,10,,,,,Found,Found,,,,Box_5_Row_4,,,,,,,,,
12,11,LM0179,E57,,E57aCXY,,11,,,,,Found,Found,,,,Box_5_Row_4,,,,,,,,,
13,17,LM0180,E57,XX,E57aBLX,,0,0.0568,with_beads,with_beads,,Found,Unknown,,19.04.2022_B1,Dileshi,Box_5_Row_3,,4/19/2022 12:37:20 PM,305.2,ng/µl,6.104,3.343,1.83,2.05,DNA
14,24,LM0180,E57,XX,E57aDTY,,1,0.0694,with_beads,with_beads,,Found,Found,Available,19.04.2022_B1,Dileshi,Box_5_Row_3,,4/19/2022 12:40:26 PM,200.9,ng/µl,4.019,2.188,1.84,2,DNA
15,16,LM0180,E57,XX,E57aMQT,,2,0.1058,with_beads,with_beads,,Found,Found,Available,10.04.2022_B1,Dileshi,Box_5_Row_3,,4/10/2022 5:19:00 PM,354.7,ng/µl,7.094,3.995,1.78,1.26,DNA
16,16,LM0180,E57,XX,E57aCLZ,,2,0.1058,with_beads,with_beads,,Found,Found,Available,10.04.2022_B1,Dileshi,Box_5_Row_3,,4/26/2022 7:52:23 PM,364.4,ng/µl,7.288,4.07,1.79,1.2,DNA
17,19,LM0180,E57,XX,E57aGLV,,3,0.0923,with_beads,with_beads,,Found,Unknown,Available,05.04.2022_B1,Dileshi,Box_5_Row_3,,4/5/2022 3:44:19 PM,178.6,ng/µl,3.572,4.234,0.84,0.28,DNA
18,13,LM0180,E57,XX,E57aLMW,,4,0.1095,with_beads,with_beads,,Found,Found,Available,10.04.2022_B1,Dileshi,Box_5_Row_3,,4/10/2022 5:15:58 PM,232.8,ng/µl,4.657,2.575,1.81,1.92,DNA
19,13,LM0180,E57,XX,E57aKWY,,4,0.1095,with_beads,with_beads,,Found,Found,Available,10.04.2022_B1,Dileshi,Box_5_Row_3,,4/26/2022 7:53:22 PM,225.9,ng/µl,4.517,2.489,1.81,1.8,DNA
20,22,LM0180,E57,XX,E57aQRU,,5,0.0722,with_beads,with_beads,,Found,Found,Available,19.04.2022_B1,Dileshi,Box_5_Row_3,,4/19/2022 12:43:41 PM,341.7,ng/µl,6.833,3.702,1.85,2.15,DNA
21,15,LM0180,E57,XX,E57aCGI,,6,0.1007,with_beads,with_beads,,Found,Found,Available,11.03.2022_B1,Dileshi,Box_5_Row_3,,3/11/2022 6:18:12 PM,119.6,ng/µl,2.392,1.288,1.86,1.95,DNA
22,15,LM0180,E57,XX,E57aQVZ,,6,0.1007,with_beads,with_beads,,Found,Found,Available,11.03.2022_B1,Dileshi,Box_5_Row_3,,4/26/2022 7:50:31 PM,143.9,ng/µl,2.879,1.563,1.84,1.59,DNA
23,14,LM0180,E57,XX,E57aDPT,,7,0.1067,with_beads,with_beads,,Found,Unknown,Available,11.03.2022_B2,Dileshi,Box_5_Row_3,,3/11/2022 6:04:58 PM,112.9,ng/µl,2.258,1.249,1.81,1.4,DNA
24,14,LM0180,E57,XX,E57aIJY,,7,0.1067,with_beads,with_beads,,Found,Unknown,Available,11.03.2022_B2,Dileshi,Box_5_Row_3,,4/26/2022 7:48:58 PM,139.7,ng/µl,2.795,1.523,1.83,1.73,DNA
25,20,LM0180,E57,XX,E57aAWY,,8,,,,,Unknown,Unknown,,,,Box_5_Row_3,,,,,,,,,
26,18,LM0180,E57,XX,E57aMQR,,9,0.0606,with_beads,with_beads,,Found,Found,Available,19.04.2022_B1,Dileshi,Box_5_Row_3,,4/19/2022 12:45:13 PM,226.4,ng/µl,4.528,2.448,1.85,2.42,D
27,21,LM0180,E57,XX,E57aIRX,,10,0.0558,with_beads,with_beads,,Found,Found,Available,19.04.2022_B1,Dileshi,Box_5_Row_3,,4/19/2022 12:39:30 PM,294.7,ng/µl,5.893,3.186,1.85,2.24,D
28,23,LM0180,E57,XX,E57aQTW,,11,0.0540,with_beads,with_beads,,Found,Found,Available,19.04.2022_B1,Dileshi,Box_5_Row_3,,4/19/2022 12:42:54 PM,344.3,ng/µl,6.887,3.738,1.84,2.14,D
29,27,LM0181,E57,,E57aPSY,,0,,,,,Found,Found,,,,Box_5_Row_2,,,,,,,,,
30,34,LM0181,E57,,E57aKMS,,1,,,,,Empty,Found,,,,Box_5_Row_2,,,,,,,,,
31,36,LM0181,E57,,E57aJLY,,2,,,,,Found,Found,,,,Box_5_Row_2,,,,,,,,,
32,28,LM0181,E57,,E57aINV,,3,,,,,Empty,Unknown,,,,Box_5_Row_2,,,,,,,,,
33,30,LM0181,E57,,E57aLPT,,4,0.0942,with_beads,with_beads,,Found,Found,Available,07.04.2022_B1,Dileshi,Box_5_Row_2,,4/7/2022 2:26:17 PM,259.2,ng/µl,5.184,3.021,1.72,1.47,D
34,35,LM0181,E57,,E57aHPU,,5,0.0956,with_beads,with_beads,,Found,Found,Available,07.04.2022_B1,Dileshi,Box_5_Row_2,,4/7/2022 2:25:30 PM,325.2,ng/µl,6.503,3.755,1.73,2,D
35,32,LM0181,E57,,E57aBCS,,6,0.0922,with_beads,with_beads,,Found,Found,,15.03.2022,Alexa,Box_5_Row_2,,3/15/2022 12:14:36 PM,176.1,ng/µl,3.522,1.923,1.83,1.76,D
36,29,LM0181,E57,,E57aCGH,,7,0.1143,with_beads,with_beads,,Found,Unknown,Available,15.03.2022,Alexa,Box_5_Row_2,,,,,,,,,
37,25,LM0181,E57,,E57aCLT,,8,,,,,Unknown,Unknown,,,,Box_5_Row_2,,,,,,,,,
38,33,LM0181,E57,,E57aESV,,9,,,,,Found,Found,,,,Box_5_Row_2,,,,,,,,,
39,26,LM0181,E57,,E57aBOR,,10,,,,,Empty,Found,,,,Box_5_Row_2,,,,,,,,,
40,31,LM0181,E57,,E57aHIS,,11,,,,,Found,Found,,,,Box_5_Row_2,,,,,,,,,
41,43,LM0182,E57,XX,E57aABD,,0,0.0602,with_beads,with_beads,,Found,Found,Available,19.04.2022_B2,Dileshi,Box_5_Row_1,,4/19/2022 5:13:05 PM,197.9,ng/µl,3.958,2.142,1.85,2.23,D
42,41,LM0182,E57,XX,E57aJMY,,1,0.0603,with_beads,with_beads,,Empty,Found,Available,19.04.2022_B2,Dileshi,Box_5_Row_1,,4/19/2022 5:13:54 PM,209.6,ng/µl,4.193,2.35,1.78,1.62,D
43,38,LM0182,E57,XX,E57aJRS,,2,0.0741,with_beads,with_beads,,Empty,Found,Available,19.04.2022_B2,Dileshi,Box_5_Row_1,,4/19/2022 5:12:11 PM,235.1,ng/µl,4.702,2.549,1.84,1.57,D
44,48,LM0182,E57,XX,E57aFSW,,3,0.0162,with_beads,with_beads,,Found,Unknown,,23.04.2022_B1,Dileshi,Box_5_Row_1,,4/23/2022 4:43:18 PM,139.5,ng/µl,2.789,1.578,1.77,1.4,D
45,39,LM0182,E57,XX,E57aACW,,4,0.0795,with_beads,with_beads,,Found,Found,Available,19.04.2022_B2,Dileshi,Box_5_Row_1,,4/19/2022 5:10:11 PM,202,ng/µl,4.04,2.182,1.85,2.08,D
46,42,LM0182,E57,XX,E57aJSW,,5,0.0525,with_beads,with_beads,,Found,Found,Available,19.04.2022_B2,Dileshi,Box_5_Row_1,,4/19/2022 5:15:59 PM,185.6,ng/µl,3.711,2.058,1.8,1.87,D
47,45,LM0182,E57,XX,E57aDMZ,,6,0.1052,with_beads,with_beads,,Found,Found,Available,11.03.2022_B2,Dileshi,Box_5_Row_1,,3/11/2022 6:04:03 PM,112.9,ng/µl,2.259,1.265,1.79,1.54,D
48,45,LM0182,E57,XX,E57aHNX,,6,0.1052,with_beads,with_beads,,Found,Found,Available,11.03.2022_B2,Dileshi,Box_5_Row_1,,4/26/2022 7:59:21 PM,134.2,ng/µl,2.685,1.471,1.83,1.93,D
49,46,LM0182,E57,XX,E57aCEK,,7,0.0847,with_beads,with_beads,,Found,Unknown,,17.03.2022,Alexa,Box_5_Row_1,,4/26/2022 8:14:26 PM,82.6,ng/µl,1.652,0.88,1.88,2.13,D
50,37,LM0182,E57,XX,E57aPTZ,,8,0.0340,with_beads,with_beads,,Found,Unknown,,11.03.2022_B1,Dileshi,Box_5_Row_1,,3/11/2022 6:13:17 PM,26.4,ng/µl,0.528,0.309,1.71,0.99,D
51,37,LM0182,E57,XX,E57aCLN,,8,0.0340,with_beads,with_beads,,Found,Unknown,,11.03.2022_B1,Dileshi,Box_5_Row_1,,4/26/2022 7:58:49 PM,52.2,ng/µl,1.044,0.584,1.79,1.52,D
52,47,LM0182,E57,XX,E57aAVZ,,9,0.0556,with_beads,with_beads,,Found,Found,,19.04.2022_B2,Dileshi,Box_5_Row_1,,4/19/2022 5:16:48 PM,237.8,ng/µl,4.757,2.605,1.83,2.02,D
53,40,LM0182,E57,XX,E57aDEO,,10,0.0470,with_beads,with_beads,,Found,Found,,20.04.2022_B1,Dileshi,Box_5_Row_1,,,,,,,,,
54,44,LM0182,E57,XX,E57aEKQ,,11,0.0650,with_beads,with_beads,,Found,Found,Available,20.04.2022_B1,Dileshi,Box_5_Row_1,,4/20/2022 2:04:08 PM,168.6,ng/µl,3.373,1.836,1.84,1.96,D
55,52,LM0183,E57,,E57aDSY,,0,,,,,Found,Found,,,,Box_4_Row_5,,,,,,,,,
56,49,LM0183,E57,,E57aHJV,,1,,,,,Found,Found,,,,Box_4_Row_5,,,,,,,,,
57,51,LM0183,E57,,E57aDIY,,2,,,,,Found,Found,,,,Box_4_Row_5,,,,,,,,,
58,57,LM0183,E57,,E57aCIX,,3,,,,,Found,Unknown,,,,Box_4_Row_5,,,,,,,,,
59,60,LM0183,E57,,E57aABT,,4,,,,,Found,Found,,,,Box_4_Row_5,,,,,,,,,
60,54,LM0183,E57,,E57aPWX,,5,,,,,Found,Found,,,,Box_4_Row_5,,,,,,,,,
61,58,LM0183,E57,,E57aCUX,,6,0.0826,with_beads,with_beads,,Found,Found,,15.03.2022,Alexa,Box_4_Row_5,,,,,,,,,
62,53,LM0183,E57,,E57aEKO,,7,0.0528,with_beads,with_beads,,Found,Unknown,,17.03.2022,Alexa,Box_4_Row_5,,3/17/2022 2:07:47 PM,162,ng/µl,3.24,1.797,1.8,1.49,D
63,50,LM0183,E57,,E57aETU,,8,,,,,Unknown,Unknown,,,,Box_4_Row_5,,,,,,,,,
64,56,LM0183,E57,,E57aLPU,,9,,,,,Unknown,Found,,,,Box_4_Row_5,,,,,,,,,
65,59,LM0183,E57,,E57aEHS,,10,,,,,Found,Found,,,,Box_4_Row_5,,,,,,,,,
66,55,LM0183,E57,,E57aOPZ,,11,,,,,Found,Found,,,,Box_4_Row_5,,,,,,,,,
67,67,LM0184,E57,XX,E57aSYZ,,0,0.0639,with_beads,with_beads,,Found,Found,Available,20.04.2022_B2,Dileshi,Box_4_Row_4,,4/20/2022 5:57:39 PM,220.7,ng/µl,4.413,2.447,1.8,1.9,D
68,72,LM0184,E57,XX,E57aNRW,,1,0.0554,with_beads,with_beads,Step_7_round_2_supertant_lost,Found,Found,Available,21.04.2022_B1,Dileshi,Box_4_Row_4,,4/21/2022 12:29:07 PM,97.6,ng/µl,1.952,1.067,1.83,1.9,D
69,63,LM0184,E57,XX,E57aLSU,,2,0.0527,with_beads,with_beads,,Found,Found,Available,21.04.2022_B1,Dileshi,Box_4_Row_4,,4/21/2022 12:30:04 PM,251.9,ng/µl,5.037,2.751,1.83,1.61,D
70,68,LM0184,E57,XX,E57aLSZ,,3,0.0555,with_beads,with_beads,,Found,Unknown,Available,23.04.2022_B1,Dileshi,Box_4_Row_4,,4/23/2022 4:45:35 PM,50.7,ng/µl,1.014,0.586,1.73,1.1,D
71,69,LM0184,E57,XX,E57aBGM,,4,0.0554,with_beads,with_beads,Step_7_round_2_supertant_lost,Found,Found,Available,21.04.2022_B1,Dileshi,Box_4_Row_4,,4/21/2022 12:28:13 PM,163.9,ng/µl,3.279,1.785,1.84,2.04,D
72,64,LM0184,E57,XX,E57aKNT,,5,0.0597,with_beads,with_beads,,Found,Found,Available,21.04.2022_B1,Dileshi,Box_4_Row_4,,,,,,,,,
73,62,LM0184,E57,XX,E57aCEG,,6,0.0653,with_beads,with_beads,,Empty,Found,,21.04.2022_B1,Dileshi,Box_4_Row_4,,4/21/2022 12:34:52 PM,248.9,ng/µl,4.979,2.712,1.84,2.25,D
74,70,LM0184,E57,XX,E57aMOV,,7,0.0035,with_beads,with_beads,,Found,Unknown,,17.03.2022,Alexa,Box_4_Row_4,,3/17/2022 2:06:13 PM,24.7,ng/µl,0.494,0.27,1.83,0.6,D
75,70,LM0184,E57,XX,E57aIPY,,7,0.0035,with_beads,with_beads,,Found,Unknown,,17.03.2022,Alexa,Box_4_Row_4,,4/26/2022 7:58:13 PM,23.7,ng/µl,0.475,0.278,1.71,0.55,D
76,65,LM0184,E57,XX,E57aIPT,,8,0.0302,with_beads,with_beads,,Found,Unknown,,17.03.2022,Alexa,Box_4_Row_4,,3/17/2022 1:57:59 PM,124.7,ng/µl,2.495,1.358,1.84,2.12,D
77,65,LM0184,E57,XX,E57aBCE,,8,0.0302,with_beads,with_beads,,Found,Unknown,,17.03.2022,Alexa,Box_4_Row_4,,4/26/2022 8:02:00 PM,134.1,ng/µl,2.681,1.48,1.81,1.94,D
78,66,LM0184,E57,XX,E57aBCE2,,9,0.0618,with_beads,with_beads,,Found,Found,,21.04.2022_B1,Dileshi,Box_4_Row_4,,4/21/2022 12:31:34 PM,349.4,ng/µl,6.989,3.858,1.81,2.13,D
79,71,LM0184,E57,XX,E57aCKR,,10,0.0525,with_beads,with_beads,,Found,Found,Available,21.04.2022_B1,Dileshi,Box_4_Row_4,,4/21/2022 12:27:05 PM,303.6,ng/µl,6.072,3.359,1.81,1.95,D
80,61,LM0184,E57,XX,E57aEFU,,11,0.0506,with_beads,with_beads,,Found,Found,Available,20.04.2022_B2,Dileshi,Box_4_Row_4,,4/20/2022 6:00:22 PM,262.8,ng/µl,5.256,2.873,1.83,2.24,D
81,78,LM0185,E57,XX,E57aEFU2,,0,0.0867,with_beads,with_beads,,Found,Found,,10.04.2022_B1,Dileshi,Box_4_Row_3,,4/10/2022 5:13:03 PM,315.1,ng/µl,6.302,3.499,1.8,1.86,D
82,78,LM0185,E57,XX,E57aBIL,,0,0.0867,with_beads,with_beads,,Found,Found,,10.04.2022_B1,Dileshi,Box_4_Row_3,,4/26/2022 7:55:31 PM,330.5,ng/µl,6.609,3.654,1.81,1.8,D
83,79,LM0185,E57,XX,E57aDMV,,1,0.0477,with_beads,with_beads,,Found,Found,,20.04.2022_B2,Dileshi,Box_4_Row_3,,4/20/2022 6:01:11 PM,212.9,ng/µl,4.259,2.381,1.79,1.75,D
84,76,LM0185,E57,XX,E57aDMV2,,2,0.0752,with_beads,with_beads,,Found,Found,Available,20.04.2022_B1,Dileshi,Box_4_Row_3,,4/20/2022 2:06:03 PM,200.5,ng/µl,4.01,2.257,1.78,1.5,D
85,84,LM0185,E57,XX,E57aIKO,,3,0.0884,with_beads,with_beads,,Found,Unknown,,10.04.2022_B1,Dileshi,Box_4_Row_3,,4/10/2022 5:17:30 PM,130.7,ng/µl,2.615,1.494,1.75,1.17,D
86,84,LM0185,E57,XX,E57aCHR,,3,0.0884,with_beads,with_beads,,Found,Unknown,,10.04.2022_B1,Dileshi,Box_4_Row_3,,4/26/2022 7:51:02 PM,106.4,ng/µl,2.127,1.171,1.82,1.34,D
87,74,LM0185,E57,XX,E57aCKW,,4,0.1047,with_beads,with_beads,,Found,Found,Available,10.04.2022_B1,Dileshi,Box_4_Row_3,,4/10/2022 5:12:12 PM,-30.8,ng/µl,-0.617,-0.342,1.81,0.89,D
88,74,LM0185,E57,XX,E57aFPV,Yes,4,0.0509,with_beads,with_beads,,Unknown,Found,Available,20.04.2022_B2,Dileshi,,,4/20/2022 5:52:54 PM,187.1,ng/µl,3.742,2.041,1.83,2.13,D
89,80,LM0185,E57,XX,E57aSUW,,5,0.0609,with_beads,with_beads,,Found,Found,Available,20.04.2022_B2,Dileshi,Box_4_Row_3,,4/20/2022 5:54:32 PM,239.2,ng/µl,4.784,2.7,1.77,1.6,D
90,82,LM0185,E57,XX,E57aCDE,,6,0.0518,with_beads,with_beads,,Found,Found,Available,20.04.2022_B2,Dileshi,Box_4_Row_3,,,,,,,,,
91,82,LM0185,E57,XX,E57aFJQ,Yes,6,0.0813,with_beads,with_beads,,,,,15.03.2022,Alexa,,,4/20/2022 5:59:05 PM,131.2,ng/µl,2.625,1.482,1.77,1.28,D
92,77,LM0185,E57,XX,E57aCEW,,7,0.1431,with_beads,with_beads,,Found,Unknown,,15.03.2022,Alexa,Box_4_Row_3,,4/26/2022 7:50:02 PM,275.1,ng/µl,5.501,3.021,1.82,2.06,D
93,75,LM0185,E57,XX,E57aBQY,,8,0.0734,with_beads,with_beads,,Found,Found,Available,20.04.2022_B2,Dileshi,Box_4_Row_3,,3/21/2022 1:25:28 PM,27.2,ng/µl,0.544,0.288,1.89,-5.51,D
94,75,LM0185,E57,XX,E57aEJM,Yes,8,0.0329,with_beads,with_beads,,,,,21.03.2022,Alexa,,,4/20/2022 5:58:20 PM,149.3,ng/µl,2.985,1.674,1.78,1.55,D
95,81,LM0185,E57,XX,E57aBQZ,,9,0.0710,with_beads,with_beads,,Found,Found,,20.04.2022_B2,Dileshi,Box_4_Row_3,,4/20/2022 5:59:46 PM,279.1,ng/µl,5.582,3.149,1.77,1.67,D
96,83,LM0185,E57,XX,E57aJPY,,10,0.0482,with_beads,with_beads,,Unknown,Found,,20.04.2022_B2,Dileshi,Box_4_Row_3,,4/20/2022 5:51:54 PM,261.7,ng/µl,5.235,2.9,1.8,1.97,D
97,73,LM0185,E57,XX,E57aKQZ,,11,0.0803,with_beads,with_beads,,Found,Found,Available,20.04.2022_B2,Dileshi,Box_4_Row_3,,4/20/2022 5:55:22 PM,248.8,ng/µl,4.976,2.768,1.8,1.76,D
98,96,LM0186,E57,XX,E57aFJK,,0,0.0739,with_beads,with_beads,,Found,Found,Available,20.04.2022_B1,Dileshi,Box_4_Row_2,,,,,,,,,
99,92,LM0186,E57,XX,E57aHQT,,1,0.0839,with_beads,with_beads,,Unknown,Found,,20.04.2022_B1,Dileshi,Box_4_Row_2,,4/20/2022 2:07:31 PM,41.1,ng/µl,0.822,0.45,1.83,1.58,D
100,90,LM0186,E57,XX,E57aFJS,,2,0.0634,with_beads,with_beads,,Found,Found,,20.04.2022_B1,Dileshi,Box_4_Row_2,,4/20/2022 1:58:19 PM,150.6,ng/µl,3.013,1.626,1.85,2.18,D
101,91,LM0186,E57,XX,E57aENZ,,3,0.0590,with_beads,with_beads,,Found,Unknown,,23.04.2022_B1,Dileshi,Box_4_Row_2,,4/23/2022 4:42:34 PM,126.3,ng/µl,2.526,1.393,1.81,1.78,D
102,89,LM0186,E57,XX,E57aNQS,,4,0.0373,with_beads,with_beads,,Found,Found,,20.04.2022_B1,Dileshi,Box_4_Row_2,,4/20/2022 1:59:49 PM,181.2,ng/µl,3.623,1.975,1.83,1.76,D
103,85,LM0186,E57,XX,E57aMNV,,5,0.0520,with_beads,with_beads,,Found,Found,Available,20.04.2022_B1,Dileshi,Box_4_Row_2,,,,,,,,,
104,87,LM0186,E57,XX,E57aEPU,,6,0.0938,with_beads,with_beads,,Found,Found,,18.03.2022,Alexa,Box_4_Row_2,,3/18/2022 1:02:31 PM,211.6,ng/µl,4.232,2.303,1.84,2.44,D
105,95,LM0186,E57,XX,E57aMOU,,7,0.1006,with_beads,with_beads,,Found,Unknown,,17.03.2022,Alexa,Box_4_Row_2,,4/26/2022 8:03:04 PM,199.8,ng/µl,3.997,2.195,1.82,1.53,D
106,86,LM0186,E57,XX,E57aFPR,,8,0.0352,with_beads,with_beads,,Found,Unknown,,17.03.2022,Alexa,Box_4_Row_2,,4/26/2022 8:03:37 PM,41.4,ng/µl,0.828,0.464,1.79,1.33,D
107,93,LM0186,E57,XX,E57aAOP,,9,0.1045,with_beads,with_beads,,Found,Found,,17.03.2022,Alexa,Box_4_Row_2,,4/26/2022 8:02:34 PM,151.3,ng/µl,3.026,1.666,1.82,1.6,D
108,88,LM0186,E57,XX,E57aAPW,,10,0.0630,with_beads,with_beads,,Found,Found,Available,20.04.2022_B1,Dileshi,Box_4_Row_2,,4/20/2022 2:01:39 PM,182.6,ng/µl,3.652,1.993,1.83,2.11,D
109,94,LM0186,E57,XX,E57aKPZ,,11,0.0706,with_beads,with_beads,,Empty,Found,,20.04.2022_B1,Dileshi,Box_4_Row_2,,4/20/2022 2:05:17 PM,268.4,ng/µl,5.367,2.94,1.83,2.08,D
110,107,LM0187,E57,,E57aAKP,,0,,,,,Found,Found,,,,Box_9_Row_2,,,,,,,,,
111,105,LM0187,E57,,E57aCIZ,,1,,,,,Found,Found,,,,Box_9_Row_2,,4/14/2022 7:03:52 PM,221.7,ng/µl,4.434,2.484,1.78,1.3,D
112,97,LM0187,E57,,E57aCIW,,2,,,,,Found,Found,,,,Box_9_Row_2,,,,,,,,,
113,102,LM0187,E57,,E57aCIW2,,3,,,,,Found,Unknown,,,,Box_9_Row_2,,,,,,,,,
114,98,LM0187,E57,,E57aBCR,,4,,,,,Found,Found,,,,Box_9_Row_2,,,,,,,,,
115,106,LM0187,E57,,E57aFKW,,5,,,,,Found,Found,,,,Box_9_Row_2,,,,,,,,,
116,101,LM0187,E57,,E57aDRY,,6,,,,,Unknown,Found,,,,Box_9_Row_2,,,,,,,,,
117,100,LM0187,E57,,E57aDNX,,7,0.0459,with_beads,with_beads,,Found,Unknown,,15.03.2022,Alexa,Box_9_Row_2,,3/15/2022 12:09:24 PM,106.4,ng/µl,2.129,1.154,1.85,2.14,D
118,104,LM0187,E57,,E57aAOV,,8,,,,,Empty,Unknown,,,,Box_9_Row_2,,,,,,,,,
119,99,LM0187,E57,,E57aAOV2,,9,,,,,Unknown,Unknown,,,,Box_9_Row_2,,,,,,,,,
120,103,LM0187,E57,,E57aEOU,,10,,,,,Unknown,Unknown,,,,Box_9_Row_2,,,,,,,,,
121,108,LM0187,E57,,E57aUVY,,11,,,,,Unknown,Unknown,,,,Box_9_Row_2,,,,,,,,,
122,113,LM0188,E57,XX,E57aDET,,0,0.0840,with_beads,with_beads,,Found,Found,,10.04.2022_B1,Dileshi,Box_3_Row_5,,4/10/2022 5:14:11 PM,-33.4,ng/µl,-0.669,-0.342,1.95,1.04,D
123,113,LM0188,E57,XX,E57aTWY,Yes,0,0.0589,with_beads,with_beads,,Unknown,Found,Available,22.04.2022_B1,Dileshi,,,4/22/2022 5:26:10 PM,261.1,ng/µl,5.222,2.872,1.82,1.9,D
124,109,LM0188,E57,XX,E57aCIP,,1,0.0504,with_beads,with_beads,,Found,Found,Available,22.04.2022_B1,Dileshi,Box_3_Row_5,,4/22/2022 5:24:37 PM,274.7,ng/µl,5.494,3.031,1.81,1.87,D
125,120,LM0188,E57,XX,E57aIJT,,2,0.0662,with_beads,with_beads,,Found,Unknown,,23.04.2022_B2,Dileshi,Box_3_Row_5,,4/23/2022 8:22:53 PM,34.1,ng/µl,0.682,0.389,1.76,0.92,D
126,118,LM0188,E57,XX,E57aIJW,,3,0.0690,with_beads,with_beads,,Found,Unknown,Available,23.04.2022_B2,Dileshi,Box_3_Row_5,,4/23/2022 8:20:53 PM,117.8,ng/µl,2.357,1.273,1.85,1.54,D
127,114,LM0188,E57,XX,E57aCJS,,4,0.0745,with_beads,with_beads,,Found,Found,Available,22.04.2022_B1,Dileshi,Box_3_Row_5,,4/22/2022 5:27:40 PM,120.9,ng/µl,2.419,1.327,1.82,2.02,D
128,116,LM0188,E57,XX,E57aDOV,,5,0.0731,with_beads,with_beads,,Found,Found,,10.03.2022_B1,Dileshi,Box_3_Row_5,,,,,,,,,
129,116,LM0188,E57,XX,E57aKSV,Yes,5,0.0532,with_beads,with_beads,,Unknown,Found,Available,22.04.2022_B1,Dileshi,,,4/22/2022 5:23:53 PM,217.6,ng/µl,4.351,2.398,1.81,1.92,D
130,117,LM0188,E57,XX,E57aAYZ,,6,0.0552,with_beads,with_beads,,Unknown,Found,Available,22.04.2022_B1,Dileshi,Box_3_Row_5,,4/22/2022 5:28:22 PM,137.8,ng/µl,2.756,1.521,1.81,1.41,D
131,110,LM0188,E57,XX,E57aCKY,,7,0.0207,with_beads,with_beads,,Found,Unknown,,21.03.2022,Alexa,Box_3_Row_5,,3/21/2022 1:19:18 PM,20.7,ng/µl,0.414,0.217,1.9,-3.71,D
132,110,LM0188,E57,XX,E57aABV,,7,0.0207,with_beads,with_beads,,Found,Unknown,,21.03.2022,Alexa,Box_3_Row_5,,4/26/2022 7:43:36 PM,30.8,ng/µl,0.617,0.34,1.81,0.96,D
133,119,LM0188,E57,XX,E57aCHW,,8,0.0908,with_beads,with_beads,,Found,Unknown,,11.03.2022_B1,Dileshi,Box_3_Row_5,,3/11/2022 6:16:30 PM,216.5,ng/µl,4.33,2.482,1.74,1.37,D
134,112,LM0188,E57,XX,E57aAOY,,9,0.0316,with_beads,with_beads,,Empty,Found,,22.04.2022_B1,Dileshi,Box_3_Row_5,,4/22/2022 5:29:48 PM,314.9,ng/µl,6.299,3.502,1.8,1.87,D
135,111,LM0188,E57,XX,E57aKWX,,10,0.0640,with_beads,with_beads,,Found,Found,,22.04.2022_B2,Dileshi,Box_3_Row_5,,4/22/2022 8:21:10 PM,278.5,ng/µl,5.57,3.108,1.79,2.14,D
136,115,LM0188,E57,XX,E57aAOW,,11,0.0805,with_beads,with_beads,,Found,Found,Available,22.04.2022_B2,Dileshi,Box_3_Row_5,,4/22/2022 8:26:07 PM,302.2,ng/µl,6.043,3.322,1.82,1.94,D
137,124,LM0189,E57,,E57aDGS,,0,,,,,Found,Found,,,,Box_12unlabeled_Row_1,,,,,,,,,
138,122,LM0189,E57,,E57aHOX,,1,,,,,Found,Found,,,,Box_12unlabeled_Row_1,,,,,,,,,
139,128,LM0189,E57,,E57aRSW,,2,,,,,Found,Found,,,,Box_12unlabeled_Row_1,,,,,,,,,
140,126,LM0189,E57,,E57aEKR,,3,,,,,Found,Unknown,,,,Box_12unlabeled_Row_1,,,,,,,,,
141,129,LM0189,E57,,E57aGQX,,4,,,,,Found,Found,,,,Box_12unlabeled_Row_1,,,,,,,,,
142,130,LM0189,E57,,E57aVWX,,5,,,,,Found,Found,,,,Box_12unlabeled_Row_1,,,,,,,,,
143,127,LM0189,E57,,E57aVWX2,,6,0.1047,with_beads,with_beads,,Found,Found,Available,11.03.2022_B2,Dileshi,Box_12unlabeled_Row_1,,3/11/2022 5:56:57 PM,143.5,ng/µl,2.871,1.541,1.86,2.2,D
144,123,LM0189,E57,,E57aCEP,,7,,,,,Empty,Unknown,,,,Box_12unlabeled_Row_1,,,,,,,,,
145,132,LM0189,E57,,E57aNSZ,,8,,,,,Empty,Unknown,,,,Box_12unlabeled_Row_1,,,,,,,,,
146,125,LM0189,E57,,E57aNSZ2,,9,,,,,Unknown,Found,,,,Box_12unlabeled_Row_1,,,,,,,,,
147,131,LM0189,E57,,E57aPWY,,10,,,,,Unknown,Unknown,,,,Box_12unlabeled_Row_1,,,,,,,,,
148,121,LM0189,E57,,E57aAIZ,,11,,,,,Unknown,Unknown,,,,Box_12unlabeled_Row_1,,,,,,,,,
149,135,LM0190,E57,XX,E57aJNS,,0,0.0584,with_beads,with_beads,,Found,Found,,21.04.2022_B2,Dileshi,Box_4_Row_1,,4/21/2022 4:44:40 PM,226.3,ng/µl,4.527,2.459,1.84,2.04,D
150,140,LM0190,E57,XX,E57aLUW,,1,0.0799,with_beads,with_beads,,Found,Found,Available,21.04.2022_B1,Dileshi,Box_4_Row_1,,4/21/2022 12:33:58 PM,246.2,ng/µl,4.925,2.755,1.79,1.73,D
151,134,LM0190,E57,XX,E57aFJO,,2,0.0215,with_beads,with_beads,,Found,Unknown,,23.04.2022_B1,Dileshi,Box_4_Row_1,,4/23/2022 4:39:15 PM,37.1,ng/µl,0.742,0.414,1.79,1.41,D
152,133,LM0190,E57,XX,E57aHJX,,3,,,,,Empty,Unknown,,,,Box_4_Row_1,,,,,,,,,
153,141,LM0190,E57,XX,E57aINR,,4,0.0650,with_beads,with_beads,,Found,Found,,10.04.2022_B1,Dileshi,Box_4_Row_1,,4/10/2022 5:19:48 PM,62.7,ng/µl,1.254,0.722,1.74,1.19,D
154,141,LM0190,E57,XX,E57aBNR,Yes,4,0.0652,with_beads,with_beads,,Found,Found,,01.05.2022_B1,Dileshi,,,5/1/2022 3:44:27 PM,140.5,ng/µl,2.81,1.5,1.87,2.45,D
155,138,LM0190,E57,XX,E57aMRT,,5,0.0525,with_beads,with_beads,,Empty,Found,Available,21.04.2022_B2,Dileshi,Box_4_Row_1,,4/21/2022 4:40:27 PM,277.6,ng/µl,5.553,3.144,1.77,1.56,D
156,136,LM0190,E57,XX,E57aBHO,,6,0.0574,with_beads,with_beads,,Found,Found,Available,21.04.2022_B1,Dileshi,Box_4_Row_1,,3/21/2022 1:20:14 PM,20.3,ng/µl,0.405,0.214,1.89,-2.59,D
157,136,LM0190,E57,XX,E57aHLZ,Yes,,0.0286,with_beads,with_beads,,,,,21.03.2022,Alexa,,,4/21/2022 12:32:26 PM,243.3,ng/µl,4.865,2.724,1.79,1.69,D
158,139,LM0190,E57,XX,E57aAJO,,7,0.0580,with_beads,with_beads,,Found,Unknown,Available,11.03.2022_B1,Dileshi,Box_4_Row_1,,3/11/2022 6:21:50 PM,88.9,ng/µl,1.779,1.019,1.75,0.97,D
159,139,LM0190,E57,XX,E57aDOZ,,7,0.0580,with_beads,with_beads,,Found,Unknown,Available,11.03.2022_B1,Dileshi,Box_4_Row_1,,4/26/2022 7:45:15 PM,62.5,ng/µl,1.25,0.684,1.83,1.25,D
160,137,LM0190,E57,XX,E57aHOP,,8,0.0100,with_beads,with_beads,,Found,Unknown,,21.03.2022,Alexa,Box_4_Row_1,,3/21/2022 1:26:47 PM,20.8,ng/µl,0.416,0.23,1.81,1.45,D
161,137,LM0190,E57,XX,E57aFUY,,8,0.0100,with_beads,with_beads,,Found,Unknown,,21.03.2022,Alexa,Box_4_Row_1,,4/26/2022 7:44:15 PM,23.9,ng/µl,0.477,0.269,1.77,0.58,D
162,142,LM0190,E57,XX,E57aBCY,,9,0.0642,with_beads,with_beads,,Empty,Found,Available,21.04.2022_B1,Dileshi,Box_4_Row_1,,4/21/2022 12:30:51 PM,174.6,ng/µl,3.493,1.944,1.8,1.71,D
163,144,LM0190,E57,XX,E57aJLN,,10,0.0461,with_beads,with_beads,,Found,Found,,21.04.2022_B2,Dileshi,Box_4_Row_1,,4/21/2022 4:47:14 PM,277.8,ng/µl,5.556,3.089,1.8,1.73,D
164,143,LM0190,E57,XX,E57aGUX,,11,0.0913,with_beads,with_beads,,Found,Found,,10.04.2022_B1,Dileshi,Box_4_Row_1,,4/10/2022 5:15:04 PM,373.8,ng/µl,7.477,4.291,1.74,1.48,D
165,155,LM0191,E57,XX,E57aBCJ,,0,0.0536,with_beads,with_beads,,Found,Found,Available,30.04.2022_B1,Dileshi,Box_3_Row_4,,5/1/2022 3:31:07 PM,231,ng/µl,4.62,2.508,1.84,2.18,D
166,146,LM0191,E57,XX,E57aIVX,,1,0.0540,with_beads,with_beads,,Found,Found,Available,30.04.2022_B1,Dileshi,Box_3_Row_4,,5/1/2022 3:33:24 PM,196.9,ng/µl,3.937,2.169,1.82,1.8,D
167,148,LM0191,E57,XX,E57aKNU,,2,0.0242,with_beads,with_beads,,Found,Unknown,,30.04.2022_B1,Dileshi,Box_3_Row_4,,5/1/2022 3:29:37 PM,7.9,ng/µl,0.158,0.071,2.23,0.32,D
168,153,LM0191,E57,XX,E57aEHN,,3,0.0358,with_beads,with_beads,,Found,Unknown,,30.04.2022_B1,Dileshi,Box_3_Row_4,,5/1/2022 3:34:44 PM,48.6,ng/µl,0.973,0.514,1.89,1.59,D
169,154,LM0191,E57,XX,E57aEHX,,4,0.0572,with_beads,with_beads,,Found,Found,Available,30.04.2022_B1,Dileshi,Box_3_Row_4,,5/1/2022 3:28:50 PM,201.6,ng/µl,4.032,2.217,1.82,1.19,D
170,152,LM0191,E57,XX,E57aDMO,,5,0.0460,with_beads,with_beads,,Found,Found,Available,30.04.2022_B1,Dileshi,Box_3_Row_4,,5/1/2022 3:31:58 PM,177.3,ng/µl,3.547,1.951,1.82,1.73,D
171,147,LM0191,E57,XX,E57aDMO2,,6,0.0483,with_beads,with_beads,,Unknown,Found,,30.04.2022_B1,Dileshi,Box_3_Row_4,,5/1/2022 3:25:26 PM,227.8,ng/µl,4.556,2.514,1.81,1.66,D
172,145,LM0191,E57,XX,E57aEMT,,7,0.1078,with_beads,with_beads,,Found,Found_as_poz,Available,11.03.2022_B1,Dileshi,Box_3_Row_4,,,,,,,,,
173,149,LM0191,E57,XX,E57aQSY,,8,0.0252,with_beads,with_beads,,Found,Unknown,,17.03.2022,Alexa,Box_3_Row_4,,3/17/2022 1:50:13 PM,77.4,ng/µl,1.547,0.84,1.84,1.32,D
174,149,LM0191,E57,XX,E57aKPV,,8,0.0252,with_beads,with_beads,,Found,Unknown,,17.03.2022,Alexa,Box_3_Row_4,,5/1/2022 3:27:29 PM,64.6,ng/µl,1.292,0.691,1.87,1.24,D
175,156,LM0191,E57,XX,E57aAGL,,9,0.0343,with_beads,with_beads,,Found,Found,,30.04.2022_B1,Dileshi,Box_3_Row_4,,5/1/2022 3:32:48 PM,340.8,ng/µl,6.817,3.714,1.84,1.93,D
176,150,LM0191,E57,XX,E57aTWZ,,10,0.0533,with_beads,with_beads,,Empty,Found,Available,30.04.2022_B1,Dileshi,Box_3_Row_4,,5/1/2022 3:28:03 PM,50.5,ng/µl,1.01,0.525,1.92,2.74,D
177,151,LM0191,E57,XX,E57aGUW,,11,0.0612,with_beads,with_beads,,Empty,Found,Available,30.04.2022_B1,Dileshi,Box_3_Row_4,,5/1/2022 3:34:03 PM,161.5,ng/µl,3.229,1.745,1.85,1.3,D
178,166,LM0192,E57,XX,E57aNRX,,0,0.0408,with_beads,with_beads,,Found,Found,Available,01.05.2022_B1,Dileshi,Box_3_Row_3,,5/1/2022 3:42:04 PM,243.4,ng/µl,4.869,2.751,1.77,1.58,D
179,165,LM0192,E57,XX,E57aFKO,,1,0.0605,with_beads,with_beads,,Found,Found,Available,01.05.2022_B1,Dileshi,Box_3_Row_3,,5/1/2022 3:38:24 PM,233.8,ng/µl,4.676,2.581,1.81,1.9,D
180,168,LM0192,E57,XX,E57aAEN,,2,,,,,Found,Unknown,,,,Box_3_Row_3,,,,,,,,,
181,158,LM0192,E57,XX,E57aIVZ,,3,0.0405,with_beads,with_beads,,Found,Unknown,,01.05.2022_B1,Dileshi,Box_3_Row_3,,5/1/2022 3:42:38 PM,66.1,ng/µl,1.321,0.713,1.85,1.92,D
182,162,LM0192,E57,XX,E57aAGS,,4,0.0516,with_beads,with_beads,lost_50%_supertant_step_14,Found,Found,Available,01.05.2022_B1,Dileshi,Box_3_Row_3,,5/1/2022 3:39:43 PM,126.7,ng/µl,2.534,1.383,1.83,1.94,D
183,167,LM0192,E57,XX,E57aDJP,,5,0.0628,with_beads,with_beads,,Found,Found,Available,01.05.2022_B1,Dileshi,Box_3_Row_3,,5/1/2022 3:40:22 PM,297.6,ng/µl,5.951,3.306,1.8,1.77,D
184,164,LM0192,E57,XX,E57aBDL,,6,0.0122,with_beads,with_beads,,Found,Found,,11.03.2022_B2,Dileshi,Box_3_Row_3,,3/11/2022 6:02:24 PM,8.1,ng/µl,0.162,0.148,1.1,0.16,D
185,164,LM0192,E57,XX,E57aHNZ,Yes,6,0.0342,with_beads,with_beads,,Found,Found,,01.05.2022_B1,Dileshi,,,5/1/2022 3:39:05 PM,202.2,ng/µl,4.043,2.193,1.84,2.1,D
186,163,LM0192,E57,XX,E57aDTV,,7,0.0115,with_beads,with_beads,,Found,Unknown,,18.03.2022,Alexa,Box_3_Row_3,,3/18/2022 12:59:54 PM,72.8,ng/µl,1.455,0.765,1.9,5.17,D
187,163,LM0192,E57,XX,E57aRTY,,7,0.0115,with_beads,with_beads,,Found,Unknown,,18.03.2022,Alexa,Box_3_Row_3,,5/1/2022 3:35:21 PM,78.6,ng/µl,1.573,0.85,1.85,1.91,D
188,157,LM0192,E57,XX,E57aDGX,,8,0.0508,with_beads,with_beads,,Found,Unknown,,17.03.2022,Alexa,Box_3_Row_3,,3/17/2022 1:56:14 PM,31.5,ng/µl,0.63,0.349,1.81,1.13,D
189,157,LM0192,E57,XX,E57aLNU,,8,0.0508,with_beads,with_beads,,Found,Unknown,,17.03.2022,Alexa,Box_3_Row_3,,5/1/2022 3:35:53 PM,20.3,ng/µl,0.407,0.197,2.07,1.54,D
190,159,LM0192,E57,XX,E57aLNU2,,9,0.0487,with_beads,with_beads,,Found,Found,Available,01.05.2022_B1,Dileshi,Box_3_Row_3,,5/1/2022 3:43:13 PM,149.9,ng/µl,2.997,1.638,1.83,2.01,D
191,161,LM0192,E57,XX,E57aNWZ,,10,0.0492,with_beads,with_beads,,Found,Found,Available,01.05.2022_B1,Dileshi,Box_3_Row_3,,5/1/2022 3:37:42 PM,268.8,ng/µl,5.376,2.959,1.82,2,D
192,160,LM0192,E57,XX,E57aEIP,,11,,,,,Found,Found,,,,Box_3_Row_3,,,,,,,,,
193,178,LM0193,E57,,E57aNQY,,0,,,,,Found,Found,,,,Box_12unlabeled_Row_2,,,,,,,,,
194,173,LM0193,E57,,E57aKNX,,1,,,,,Empty,Found,,,,Box_12unlabeled_Row_2,,,,,,,,,
195,179,LM0193,E57,,E57aKNX2,,2,,,,,Found,Unknown,,,,Box_12unlabeled_Row_2,,,,,,,,,
196,175,LM0193,E57,,E57aJLQ,,3,,,,,Found,Unknown,,,,Box_12unlabeled_Row_2,,,,,,,,,
197,169,LM0193,E57,,E57aAMY,,4,,,,,Found,Found,,,,Box_12unlabeled_Row_2,,,,,,,,,
198,170,LM0193,E57,,E57aAHU,,5,,,,,Found,Found,,,,Box_12unlabeled_Row_2,,,,,,,,,
199,180,LM0193,E57,,E57aDEY,,6,0.0251,with_beads,with_beads,,Found,Found,,21.03.2022,Alexa,Box_12unlabeled_Row_2,,3/21/2022 1:21:04 PM,42.1,ng/µl,0.843,0.451,1.87,1.41,D
200,176,LM0193,E57,,E57aRUV,,7,0.0223,with_beads,with_beads,,Found,Unknown,,18.03.2022,Alexa,Box_12unlabeled_Row_2,,3/18/2022 12:58:43 PM,137.3,ng/µl,2.746,1.463,1.88,2.49,D
201,174,LM0193,E57,,E57aEMX,,8,,,,,Empty,Unknown,,,,Box_12unlabeled_Row_2,,,,,,,,,
202,177,LM0193,E57,,E57aCTZ,,9,,,,,Unknown,Unknown,,,,Box_12unlabeled_Row_2,,,,,,,,,
203,172,LM0193,E57,,E57aOPY,,10,,,,,Unknown,Unknown,,,,Box_12unlabeled_Row_2,,,,,,,,,
204,171,LM0193,E57,,E57aEQU,,11,,,,,Unknown,Unknown,,,,Box_12unlabeled_Row_2,,,,,,,,,
205,181,LM0194,E57,XX,E57aGVZ,,0,0.0542,with_beads,with_beads,,Found,Found,Available,21.04.2022_B2,Dileshi,Box_3_Row_2,,3/24/2022 11:47:47 AM,84,ng/µl,1.68,0.888,1.89,4.35,D
206,181,LM0194,E57,XX,E57aEGS,Yes,0,0.1065,with_beads,with_beads,,,,Available,24.03.2022,Alexa,,,4/21/2022 4:46:16 PM,228.2,ng/µl,4.564,2.558,1.78,1.61,D
207,192,LM0194,E57,XX,E57aJVY,,1,0.0730,with_beads,with_beads,lost_supertant_of_round_2_step_14,Found,Found,Available,21.04.2022_B2,Dileshi,Box_3_Row_2,,4/21/2022 4:48:02 PM,95.7,ng/µl,1.914,1.043,1.83,2.05,D
208,185,LM0194,E57,XX,E57aPTV,,2,0.0581,with_beads,with_beads,,Found,Unknown,Available,21.04.2022_B2,Dileshi,Box_3_Row_2,,4/21/2022 4:43:09 PM,180.8,ng/µl,3.615,1.966,1.84,1.64,D
209,186,LM0194,E57,XX,E57aDGU,,3,0.0734,with_beads,with_beads,,Found,Unknown,,05.04.2022_B1,Dileshi,Box_3_Row_2,,4/5/2022 3:52:05 PM,-104.2,ng/µl,-2.084,1.146,-1.82,-1.37,D
210,186,LM0194,E57,XX,E57aKVY,,3,0.0734,with_beads,with_beads,,Found,Unknown,,05.04.2022_B1,Dileshi,Box_3_Row_2,,4/26/2022 8:12:29 PM,119.8,ng/µl,2.397,1.305,1.84,1.19,D
211,187,LM0194,E57,XX,E57aDPW,,4,0.0960,with_beads,with_beads,,Found,Found,,05.04.2022_B1,Dileshi,Box_3_Row_2,,4/5/2022 3:50:32 PM,62.4,ng/µl,1.247,2.944,0.42,0.53,D
212,187,LM0194,E57,XX,E57aBGI,Yes,4,0.0549,with_beads,with_beads,,Found,Found,Available,21.04.2022_B2,Dileshi,,,4/21/2022 4:45:24 PM,257.1,ng/µl,5.141,2.865,1.79,1.72,D
213,190,LM0194,E57,XX,E57aFTX,,5,0.0964,with_beads,with_beads,,Found,Found,Available,07.04.2022_B1,Dileshi,Box_3_Row_2,,4/7/2022 2:23:48 PM,117.7,ng/µl,2.353,1.44,1.63,1.46,D
214,190,LM0194,E57,XX,E57aIJR,,5,0.0964,with_beads,with_beads,,Found,Found,Available,07.04.2022_B1,Dileshi,Box_3_Row_2,,4/26/2022 8:11:27 PM,98.4,ng/µl,1.968,1.052,1.87,1.28,D
215,191,LM0194,E57,XX,E57aCPW,,6,0.0852,with_beads,with_beads,,Found,Found,,11.03.2022_B2,Dileshi,Box_3_Row_2,,3/11/2022 5:57:52 PM,145.6,ng/µl,2.913,1.669,1.75,1.23,D
216,191,LM0194,E57,XX,E57aMNP,,6,0.0852,with_beads,with_beads,,Found,Found,,11.03.2022_B2,Dileshi,Box_3_Row_2,,4/26/2022 7:47:25 PM,-10.1,ng/µl,-0.202,0.035,-5.81,-0.5,D
217,191,LM0194,E57,XX,E57aFOW,,6,0.0852,with_beads,with_beads,,Found,Found,,11.03.2022_B2,Dileshi,Box_3_Row_2,,4/26/2022 7:47:53 PM,196.6,ng/µl,3.931,2.199,1.79,1.44,D
218,184,LM0194,E57,XX,E57aGHX,,7,0.1136,with_beads,with_beads,,Found,Unknown,,15.03.2022,Alexa,Box_3_Row_2,,4/26/2022 8:07:25 PM,237.3,ng/µl,4.747,2.587,1.83,1.94,D
219,183,LM0194,E57,XX,E57aEMV,,8,0.0416,with_beads,with_beads,,Found,Unknown,,18.03.2022,Alexa,Box_3_Row_2,,3/18/2022 12:57:16 PM,259.2,ng/µl,5.184,2.803,1.85,2.74,D
220,183,LM0194,E57,XX,E57aFGP,,8,0.0416,with_beads,with_beads,,Found,Unknown,,18.03.2022,Alexa,Box_3_Row_2,,4/26/2022 8:09:25 PM,271.4,ng/µl,5.428,2.968,1.83,2.17,D
221,188,LM0194,E57,XX,E57aINP,,9,0.0242,with_beads,with_beads,,Found,Found,,21.04.2022_B2,Dileshi,Box_3_Row_2,,4/21/2022 4:49:39 PM,285.4,ng/µl,5.708,3.155,1.81,1.89,D
222,189,LM0194,E57,XX,E57aACH,,10,0.0515,with_beads,with_beads,,Found,Found,Available,21.04.2022_B2,Dileshi,Box_3_Row_2,,4/21/2022 4:43:55 PM,220.7,ng/µl,4.414,2.425,1.82,2.08,D
223,182,LM0194,E57,XX,E57aDLZ,,11,0.0707,with_beads,with_beads,,Found,Found,Available,21.04.2022_B2,Dileshi,Box_3_Row_2,,4/21/2022 4:41:33 PM,212.8,ng/µl,4.256,2.374,1.79,1.63,D
224,198,LM0195,E57,XX,E57aKNY,,0,0.0655,with_beads,with_beads,,Found,Found,,19.04.2022_B2,Dileshi,Box_3_Row_1,,4/19/2022 5:19:07 PM,156.8,ng/µl,3.136,1.697,1.85,2.11,D
225,202,LM0195,E57,XX,E57aABN,,1,0.0684,with_beads,with_beads,,Empty,Found,Available,19.04.2022_B1,Dileshi,Box_3_Row_1,,4/19/2022 12:41:28 PM,296.4,ng/µl,5.929,3.244,1.83,1.68,D
226,194,LM0195,E57,XX,E57aBGT,,2,,,,,Empty,Unknown,,,,Box_3_Row_1,,,,,,,,,
227,204,LM0195,E57,XX,E57aLXZ,,3,,,,,Found,Unknown,,,,Box_3_Row_1,,,,,,,,,
228,199,LM0195,E57,XX,E57aJOS,,4,0.0528,with_beads,with_beads,,Found,Found,Available,19.04.2022_B2,Dileshi,Box_3_Row_1,,4/19/2022 5:17:37 PM,131.2,ng/µl,2.623,1.415,1.85,2.09,D
229,193,LM0195,E57,XX,E57aFKM,,5,0.0669,with_beads,with_beads,,Empty,Found,,19.04.2022_B1,Dileshi,Box_3_Row_1,,4/19/2022 12:44:27 PM,196.5,ng/µl,3.93,2.159,1.82,1.79,D
230,203,LM0195,E57,XX,E57aAFR,,6,0.0620,with_beads,with_beads,,Empty,Found,,19.04.2022_B1,Dileshi,Box_3_Row_1,,4/19/2022 12:38:35 PM,197.7,ng/µl,3.953,2.149,1.84,2.21,D
231,196,LM0195,E57,XX,E57aBFO,,7,,,,,Empty,Unknown,,,,Box_3_Row_1,,,,,,,,,
232,200,LM0195,E57,XX,E57aHJL,,8,0.0166,with_beads,with_beads,,Found,Unknown,,17.03.2022,Alexa,Box_3_Row_1,,4/26/2022 8:01:23 PM,30.1,ng/µl,0.601,0.343,1.75,1.27,D
233,201,LM0195,E57,XX,E57aABU,,9,0.0680,with_beads,with_beads,,Empty,Found,Available,19.04.2022_B2,Dileshi,Box_3_Row_1,,4/19/2022 5:11:19 PM,213.9,ng/µl,4.279,2.32,1.84,2.18,D
234,197,LM0195,E57,XX,E57aABU2,,10,0.0628,with_beads,with_beads,,Found,Found,,19.04.2022_B2,Dileshi,Box_3_Row_1,,4/19/2022 5:14:40 PM,265.8,ng/µl,5.315,2.906,1.83,2.09,D
235,195,LM0195,E57,XX,E57aCNP,,11,0.0544,with_beads,with_beads,,Found,Found,Available,19.04.2022_B1,Dileshi,Box_3_Row_1,,4/19/2022 12:42:13 PM,250.3,ng/µl,5.005,2.722,1.84,2.07,D
236,210,LM0196,E57,,E57aJKZ,,0,,,,,Found,Found,,,,Box_2_Row_5,,,,,,,,,
237,209,LM0196,E57,,E57aLTU,,1,,,,,Found,Found,,,,Box_2_Row_5,,,,,,,,,
238,206,LM0196,E57,,E57aLYZ,,2,,,,,Found,Unknown,,,,Box_2_Row_5,,,,,,,,,
239,205,LM0196,E57,,E57aCOV,,3,,,,,Found,Unknown,,,,Box_2_Row_5,,,,,,,,,
240,212,LM0196,E57,,E57aCNS,,4,0.0151,with_beads,with_beads,,Found,Found,,07.04.2022_B1,Dileshi,Box_2_Row_5,,4/7/2022 2:20:45 PM,144.1,ng/µl,2.881,1.792,1.61,1.2,D
241,215,LM0196,E57,,E57aCQT,,5,,,,,Empty,Found,,,,Box_2_Row_5,,,,,,,,,
242,216,LM0196,E57,,E57aOTV,,6,,,,,Empty,Found,,,,Box_2_Row_5,,,,,,,,,
243,208,LM0196,E57,,E57aOVY,,7,0.0011,with_beads,with_beads,,Found,Unknown,,21.03.2022,Alexa,Box_2_Row_5,,3/21/2022 1:26:08 PM,12.4,ng/µl,0.248,0.152,1.63,0.42,D
244,213,LM0196,E57,,E57aDEZ,,8,,,,,Empty,Unknown,,,,Box_2_Row_5,,,,,,,,,
245,207,LM0196,E57,,E57aMTY,,9,,,,,Empty,Found,,,,Box_2_Row_5,,,,,,,,,
246,211,LM0196,E57,,E57aMTY2,,10,,,,,Found,Found,,,,Box_2_Row_5,,,,,,,,,
247,214,LM0196,E57,,E57aTXY,,11,,,,,Found,Found,,,,Box_2_Row_5,,,,,,,,,
248,225,LM0197,E57,XX,E57aJPV,,0,0.0505,with_beads,with_beads,,Found,Found,Available,21.04.2022_B3,Dileshi,Box_2_Row_4,,4/21/2022 8:06:21 PM,274.3,ng/µl,5.485,3.007,1.82,1.87,D
249,222,LM0197,E57,XX,E57aAJQ,,1,0.0579,with_beads,with_beads,,Found,Found,Available,21.04.2022_B3,Dileshi,Box_2_Row_4,,4/21/2022 8:05:01 PM,230.2,ng/µl,4.603,2.548,1.81,1.79,D
250,220,LM0197,E57,XX,E57aIKS,,2,0.0525,with_beads,with_beads,,Found,Unknown,Available,23.04.2022_B2,Dileshi,Box_2_Row_4,,4/23/2022 8:21:39 PM,122.7,ng/µl,2.454,1.332,1.84,1.5,D
251,228,LM0197,E57,XX,E57aRXZ,,3,0.0642,with_beads,with_beads,,Found,Unknown,,10.04.2022_B1,Dileshi,Box_2_Row_4,,4/10/2022 5:11:02 PM,60.1,ng/µl,1.202,0.67,1.79,1.93,D
252,228,LM0197,E57,XX,E57aEHR,,3,0.0642,with_beads,with_beads,,Found,Unknown,,10.04.2022_B1,Dileshi,Box_2_Row_4,,4/26/2022 7:56:38 PM,63.4,ng/µl,1.269,0.713,1.78,1.38,D
253,223,LM0197,E57,XX,E57aBHN,,4,0.0574,with_beads,with_beads,,Found,Found,Available,22.04.2022_B1,Dileshi,Box_2_Row_4,,4/22/2022 5:25:20 PM,249.7,ng/µl,4.994,2.837,1.76,1.54,D
254,219,LM0197,E57,XX,E57aBHN2,,5,0.0642,with_beads,with_beads,,Found,Found,Available,21.04.2022_B3,Dileshi,Box_2_Row_4,,4/21/2022 8:03:28 PM,122.4,ng/µl,2.449,1.355,1.81,1.18,D
255,227,LM0197,E57,XX,E57aGHU,,6,0.0303,with_beads,with_beads,,Found,Found,,11.03.2022_B2,Dileshi,Box_2_Row_4,,3/11/2022 5:55:03 PM,14.4,ng/µl,0.288,0.156,1.84,0.97,D
256,227,LM0197,E57,XX,E57aCFG,Yes,6,0.0430,with_beads,with_beads,spillage_hence_30µl_available_for_step14,Unknown,Found,,22.04.2022_B1,Dileshi,,,4/22/2022 5:22:51 PM,61.2,ng/µl,1.225,0.706,1.74,1.23,D
257,224,LM0197,E57,XX,E57aBPQ,,7,0.0954,with_beads,with_beads,,Unknown,Unknown,,14.03.2022,Alexa,Box_2_Row_4,,3/14/2022 2:10:15 PM,192.7,ng/µl,3.853,2.099,1.84,2.07,D
258,224,LM0197,E57,XX,E57aFOT,,7,0.0954,with_beads,with_beads,,Unknown,Unknown,,14.03.2022,Alexa,Box_2_Row_4,,4/26/2022 7:46:58 PM,201.3,ng/µl,4.025,2.196,1.83,1.94,D
259,226,LM0197,E57,XX,E57aFOQ,,8,0.1021,with_beads,with_beads,,Found,Unknown,,18.03.2022,Alexa,Box_2_Row_4,,3/18/2022 1:01:19 PM,239.3,ng/µl,4.785,2.595,1.84,2.5,D
260,226,LM0197,E57,XX,E57aFOQ,,8,0.1021,with_beads,with_beads,,Found,Unknown,,18.03.2022,Alexa,Box_2_Row_4,,4/26/2022 8:13:28 PM,244.1,ng/µl,4.883,2.671,1.83,2.02,D
261,217,LM0197,E57,XX,E57aIMQ,,9,0.0600,with_beads,with_beads,,Found,Found,Available,21.04.2022_B3,Dileshi,Box_2_Row_4,,4/21/2022 8:05:44 PM,355.5,ng/µl,7.109,3.996,1.78,1.74,D
262,218,LM0197,E57,XX,E57aCJY,,10,0.0460,with_beads,with_beads,,Found,Found,,22.04.2022_B1,Dileshi,Box_2_Row_4,,4/22/2022 5:29:05 PM,296.2,ng/µl,5.925,3.328,1.78,1.77,D
263,221,LM0197,E57,XX,E57aFKS,,11,0.0765,with_beads,with_beads,,Found,Found,Available,22.04.2022_B1,Dileshi,Box_2_Row_4,,4/22/2022 5:26:56 PM,216,ng/µl,4.319,2.48,1.74,1.4,D
264,237,LM0198,E57,XX,E57aGIR,,0,0.0557,with_beads,with_beads,,Found,Found,Available,22.04.2022_B2,Dileshi,Box_2_Row_3,,4/22/2022 8:22:01 PM,224,ng/µl,4.481,2.583,1.73,1.27,D
265,240,LM0198,E57,XX,E57aACJ,,1,0.0524,with_beads,with_beads,,Unknown,Found,Available,22.04.2022_B2,Dileshi,Box_2_Row_3,,4/22/2022 8:22:39 PM,246.6,ng/µl,4.931,2.683,1.84,2.03,D
266,236,LM0198,E57,XX,E57aHSZ,,2,0.0434,with_beads,with_beads,,Found,Unknown,,23.04.2022_B2,Dileshi,Box_2_Row_3,,4/23/2022 8:27:42 PM,42.3,ng/µl,0.845,0.464,1.82,1.39,D
267,238,LM0198,E57,XX,E57aAFT,,3,0.0219,with_beads,with_beads,,Found,Unknown,Available,05.04.2022_B1,Dileshi,Box_2_Row_3,,4/5/2022 3:52:57 PM,-123.2,ng/µl,-2.463,0.938,-2.63,-0.82,D
268,238,LM0198,E57,XX,E57aGNQ,,3,0.0219,with_beads,with_beads,,Found,Unknown,Available,05.04.2022_B1,Dileshi,Box_2_Row_3,,4/26/2022 8:11:56 PM,90.6,ng/µl,1.812,0.983,1.84,0.54,D
269,231,LM0198,E57,XX,E57aCGY,,4,0.0601,with_beads,with_beads,,Found,Found,Available,22.04.2022_B2,Dileshi,Box_2_Row_3,,4/22/2022 8:23:25 PM,202.8,ng/µl,4.056,2.183,1.86,2.07,D
270,230,LM0198,E57,XX,E57aILZ,,5,0.1032,with_beads,with_beads,,Found,Found,Available,05.04.2022_B1,Dileshi,Box_2_Row_3,,4/5/2022 3:51:17 PM,46.5,ng/µl,0.929,2.811,0.33,0.36,D
271,230,LM0198,E57,XX,E57aCQV,Yes,5,0.0595,with_beads,with_beads,,Unknown,Found,Available,22.04.2022_B2,Dileshi,,,4/22/2022 8:28:08 PM,307.9,ng/µl,6.158,3.403,1.81,1.82,D
272,239,LM0198,E57,XX,E57aETW,,6,0.0469,with_beads,with_beads,,Found,Found,Available,11.03.2022_B1,Dileshi,Box_2_Row_3,,3/11/2022 6:23:19 PM,163.8,ng/µl,3.277,1.865,1.76,1.37,D
273,239,LM0198,E57,XX,E57aLMV,,6,0.0469,with_beads,with_beads,,Found,Found,Available,11.03.2022_B1,Dileshi,Box_2_Row_3,,4/26/2022 7:49:32 PM,112.9,ng/µl,2.257,1.26,1.79,1.67,D
274,234,LM0198,E57,XX,E57aCIV,,7,0.1046,with_beads,with_beads,,Found,Unknown,,17.03.2022,Alexa,Box_2_Row_3,,3/17/2022 1:54:05 PM,180.7,ng/µl,3.614,1.96,1.84,2.12,D
275,234,LM0198,E57,XX,E57aIKW,,7,0.1046,with_beads,with_beads,,Found,Unknown,,17.03.2022,Alexa,Box_2_Row_3,,4/26/2022 8:10:53 PM,178.6,ng/µl,3.572,1.925,1.86,2.15,D
276,233,LM0198,E57,XX,E57aDHM,,8,0.0362,with_beads,with_beads,,Found,Unknown,,15.03.2022,Alexa,Box_2_Row_3,,4/26/2022 7:46:19 PM,59.3,ng/µl,1.186,0.67,1.77,1.44,D
277,232,LM0198,E57,XX,E57aBDN,,9,0.0754,with_beads,with_beads,,Empty,Found,,22.04.2022_B2,Dileshi,Box_2_Row_3,,4/22/2022 8:26:49 PM,284.1,ng/µl,5.683,3.092,1.84,2.14,D
278,235,LM0198,E57,XX,E57aCFH,,10,0.1084,with_beads,with_beads,,Found,Found,,22.04.2022_B2,Dileshi,Box_2_Row_3,,,,,,,,,
279,229,LM0198,E57,XX,E57aBUX,,11,0.0847,with_beads,with_beads,,Found,Found,Available,22.04.2022_B2,Dileshi,Box_2_Row_3,,4/22/2022 8:24:10 PM,257,ng/µl,5.139,2.782,1.85,2.18,D
280,241,LM0199,E57,XX,E57aTVX,,0,0.0630,with_beads,with_beads,,Found,Found,Available,21.04.2022_B3,Dileshi,Box_2_Row_2,,4/21/2022 8:00:26 PM,17.2,ng/µl,0.343,0.192,1.78,0.8,D
281,241,LM0199,E57,XX,E57aAIO,Yes,0,0.0605,with_beads,with_beads,,Found,Found,Available,23.04.2022_B1,Dileshi,,,4/23/2022 4:37:31 PM,129.8,ng/µl,2.596,1.484,1.75,1.27,D
282,248,LM0199,E57,XX,E57aGUV,,1,0.0788,with_beads,with_beads,,Found,Found,Available,21.04.2022_B3,Dileshi,Box_2_Row_2,,4/21/2022 8:02:44 PM,277.4,ng/µl,5.547,3.02,1.84,2.14,D
283,250,LM0199,E57,XX,E57aAUY,,2,0.020,with_beads,with_beads,,Found,Unknown,,23.04.2022_B2,Dileshi,Box_2_Row_2,,4/23/2022 8:20:08 PM,94.2,ng/µl,1.885,1.065,1.77,1.19,D
284,249,LM0199,E57,XX,E57aAOZ,,3,,,,,Empty,Unknown,,,,Box_2_Row_2,,,,,,,,,
285,245,LM0199,E57,XX,E57aBES,,4,0.0934,with_beads,with_beads,,Found,Found,,07.04.2022_B1,Dileshi,Box_2_Row_2,,4/7/2022 2:21:54 PM,251.3,ng/µl,5.026,2.912,1.73,1.87,D
286,245,LM0199,E57,XX,E57aCTW,,4,0.0934,with_beads,with_beads,,Found,Found,,07.04.2022_B1,Dileshi,Box_2_Row_2,,4/26/2022 8:09:53 PM,258.6,ng/µl,5.172,2.888,1.79,1.67,D
287,251,LM0199,E57,XX,E57aDPR,,5,0.0407,with_beads,with_beads,,Found,Found,,05.04.2022_B1,Dileshi,Box_2_Row_2,,4/5/2022 3:48:51 PM,156.3,ng/µl,3.127,4.079,0.77,0.72,D
288,251,LM0199,E57,XX,E57aEPT,Yes,5,0.0763,with_beads,with_beads,,Unknown,Found,Available,21.04.2022_B3,Dileshi,,,4/5/2022 3:48:51 PM,156.3,ng/µl,3.127,4.079,0.77,0.72,D
289,246,LM0199,E57,XX,E57aESZ,,6,0.1013,with_beads,with_beads,,Found,Found,Available,11.03.2022_B1,Dileshi,Box_2_Row_2,,3/11/2022 6:17:25 PM,118.3,ng/µl,2.367,1.287,1.84,1.74,D
290,246,LM0199,E57,XX,E57aAGK,,6,0.1013,with_beads,with_beads,,Found,Found,Available,11.03.2022_B1,Dileshi,Box_2_Row_2,,4/26/2022 7:45:46 PM,136.2,ng/µl,2.724,1.477,1.84,1.8,D
291,243,LM0199,E57,XX,E57aGPW,,7,0.0105,with_beads,with_beads,,Found,Unknown,,11.03.2022_B1,Dileshi,Box_2_Row_2,,3/11/2022 6:15:31 PM,37.2,ng/µl,0.745,0.446,1.67,0.85,D
292,243,LM0199,E57,XX,E57aCJK,,7,0.0105,with_beads,with_beads,,Found,Unknown,,11.03.2022_B1,Dileshi,Box_2_Row_2,,4/26/2022 7:44:46 PM,53.4,ng/µl,1.069,0.591,1.81,1.49,D
293,247,LM0199,E57,XX,E57aAPX,,8,0.0333,with_beads,with_beads,,Found,Unknown,,17.03.2022,Alexa,Box_2_Row_2,,4/26/2022 8:08:27 PM,125.2,ng/µl,2.505,1.364,1.84,1.91,D
294,244,LM0199,E57,XX,E57aGJT,,9,0.0592,with_beads,with_beads,,Unknown,Found,Available,21.04.2022_B3,Dileshi,Box_2_Row_2,,4/21/2022 8:01:59 PM,81.6,ng/µl,1.632,0.904,1.81,1.53,D
295,242,LM0199,E57,XX,E57aDEN,,10,0.0647,with_beads,with_beads,,Found,Found,Available,21.04.2022_B3,Dileshi,Box_2_Row_2,,4/21/2022 7:58:10 PM,251.7,ng/µl,5.033,2.753,1.83,1.99,D
296,252,LM0199,E57,XX,E57aDFG,,11,0.0578,with_beads,with_beads,,Found,Found,Available,21.04.2022_B1,Dileshi,Box_2_Row_2,,4/21/2022 8:04:19 PM,262.6,ng/µl,5.252,2.943,1.78,1.68,D
297,260,LM0200,E57,,E57aBIK,,0,,,,,Found,Found,,,,Box_2_Row_1,,,,,,,,,
298,254,LM0200,E57,,E57aCQU,,1,,,,,Found,Found,,,,Box_2_Row_1,,,,,,,,,
299,257,LM0200,E57,,E57aBEO,,2,,,,,Found,Unknown,,,,Box_2_Row_1,,,,,,,,,
300,253,LM0200,E57,,E57aCMU,,3,,,,,Found,Unknown,,,,Box_2_Row_1,,,,,,,,,
301,256,LM0200,E57,,E57aDMQ,,4,,,,,Found,Found,,,,Box_2_Row_1,,,,,,,,,
302,261,LM0200,E57,,E57aHJY,,5,,,,,Empty,Found,,,,Box_2_Row_1,,,,,,,,,
303,259,LM0200,E57,,E57aCMO,,6,,,,,Unknown,Found,,,,Box_2_Row_1,,,,,,,,,
304,264,LM0200,E57,,E57aGOP,,7,,,,,Empty,Unknown,,,,Box_2_Row_1,,,,,,,,,
305,262,LM0200,E57,,E57aILR,,8,,,,,Empty,Found,,,,Box_2_Row_1,,,,,,,,,
306,258,LM0200,E57,,E57aQRV,,9,,,,,Empty,Found,,,,Box_2_Row_1,,,,,,,,,
307,255,LM0200,E57,,E57aEGO,,10,,,,,Empty,Found,,,,Box_2_Row_1,,,,,,,,,
308,263,LM0200,E57,,E57aHTU,,11,,,,,Empty,Found,,,,Box_2_Row_1,,,,,,,,,
309,267,LM0201,E57,,E57aCPT,,0,,,,,Found,Found,,,,Box_1_Row_5,,,,,,,,,
310,275,LM0201,E57,,E57aCHO,,1,,,,,Found,Found,,,,Box_1_Row_5,,,,,,,,,
311,276,LM0201,E57,,E57aBCO,,2,,,,,Found,Unknown,,,,Box_1_Row_5,,,,,,,,,
312,271,LM0201,E57,,E57aLQR,,3,,,,,Found,Unknown,,,,Box_1_Row_5,,,,,,,,,
313,265,LM0201,E57,,E57aLTY,,4,,,,,Found,Found,,,,Box_1_Row_5,,,,,,,,,
314,274,LM0201,E57,,E57aGJX,,5,,,,,Found,Found,,,,Box_1_Row_5,,,,,,,,,
315,270,LM0201,E57,,E57aFGW,,6,0.0695,with_beads,with_beads,,Found,Found,,11.03.2022_B2,Dileshi,Box_1_Row_5,,3/11/2022 6:05:50 PM,120.9,ng/µl,2.418,1.36,1.78,1.32,D
316,273,LM0201,E57,,E57aJMP,,7,,,,,Empty,Unknown,,,,Box_1_Row_5,,,,,,,,,
317,268,LM0201,E57,,E57aILO,,8,,,,,Empty,Unknown,,,,Box_1_Row_5,,,,,,,,,
318,266,LM0201,E57,,E57aACU,,9,,,,,Unknown,Found,,,,Box_1_Row_5,,,,,,,,,
319,272,LM0201,E57,,E57aPTU,,10,,,,,Empty,Found,,,,Box_1_Row_5,,,,,,,,,
320,269,LM0201,E57,,E57aNXY,,11,,,,,Found,Found,,,,Box_1_Row_5,,,,,,,,,
321,284,LM0202,E57,,E57aBEH,,0,,,,,Found,Found,,,,Box_1_Row_4,,,,,,,,,
322,285,LM0202,E57,,E57aFKN,,1,,,,,Found,Found,,,,Box_1_Row_4,,,,,,,,,
323,287,LM0202,E57,,E57aKQR,,2,,,,,Found,Unknown,,,,Box_1_Row_4,,,,,,,,,
324,278,LM0202,E57,,E57aBIR,,3,,,,,Found,Found,,,,Box_1_Row_4,,,,,,,,,
325,277,LM0202,E57,,E57aGPR,,4,,,,,Empty,Found,,,,Box_1_Row_4,,,,,,,,,
326,288,LM0202,E57,,E57aKMO,,5,,,,,Found,Found,,,,Box_1_Row_4,,,,,,,,,
327,282,LM0202,E57,,E57aFRW,,6,0.0101,with_beads,with_beads,,Found,Found,,21.03.2022,Alexa,Box_1_Row_4,,3/21/2022 1:24:44 PM,60.5,ng/µl,1.21,0.657,1.84,1.99,D
328,280,LM0202,E57,,E57aMWY,,7,,,,,Empty,Unknown,,,,Box_1_Row_4,,,,,,,,,
329,283,LM0202,E57,,E57aMWY,,8,,,,,Empty,Unknown,,,,Box_1_Row_4,,,,,,,,,
330,286,LM0202,E57,,E57aCKN,,9,0.0129,with_beads,with_beads,,Found,Found,,18.03.2022,Alexa,Box_1_Row_4,,3/18/2022 12:53:50 PM,18.8,ng/µl,0.376,0.174,2.17,-1.87,D
331,281,LM0202,E57,,E57aISW,,10,,,,,Found,Found,,,,Box_1_Row_4,,,,,,,,,
332,279,LM0202,E57,,E57aBMX,,11,,,,,Found,Found,,,,Box_1_Row_4,,,,,,,,,
333,296,LM0203,E57,,E57aCEH,,0,,,,,Found,Found,,,,Box_1_Row_3,,,,,,,,,
334,299,LM0203,E57,,E57aEIY,,1,,,,,Unknown,Found,,,,Box_1_Row_3,,,,,,,,,
335,298,LM0203,E57,,E57aFIY,,2,,,,,Empty,Unknown,,,,Box_1_Row_3,,,,,,,,,
336,295,LM0203,E57,,E57aATY,,3,,,,,Found,Unknown,,,,Box_1_Row_3,,,,,,,,,
337,294,LM0203,E57,,E57aIQU,,4,,,,,Found,Found,,,,Box_1_Row_3,,,,,,,,,
338,291,LM0203,E57,,E57aANO,,5,,,,,Found,Found,,,,Box_1_Row_3,,,,,,,,,
339,292,LM0203,E57,,E57aAIN,,6,0.0884,with_beads,with_beads,,Found,Found,,11.03.2022_B2,Dileshi,Box_1_Row_3,,3/11/2022 6:01:36 PM,120,ng/µl,2.4,1.291,1.86,2.46,D
340,289,LM0203,E57,,E57aIJQ,,7,0.0808,with_beads,with_beads,,Found,Unknown,,11.03.2022_B1,Dileshi,Box_1_Row_3,,3/11/2022 6:14:11 PM,102.2,ng/µl,2.044,1.121,1.82,1.69,D
341,297,LM0203,E57,,E57aIJQ2,,8,,,,,Empty,Unknown,,,,Box_1_Row_3,,,,,,,,,
342,290,LM0203,E57,,E57aEKT,,9,,,,,Empty,Found,,,,Box_1_Row_3,,,,,,,,,
343,300,LM0203,E57,,E57aHQZ,,10,,,,,Empty,Found,,,,Box_1_Row_3,,,,,,,,,
344,293,LM0203,E57,,E57aHMU,,11,,,,,Found,Found,,,,Box_1_Row_3,,,,,,,,,
345,548,LM0227,E57,,E57aHKV,,0,,,,,Found,Found,,,,Box_1&5_Row_2&5,,,,,,,,,
346,547,LM0227,E57,,E57aMNT,,1,0.1047,no_beads,no_beads,4_minute_longer_fridge_incubation,Found,Found,Available,09.03.2022_B1,Dileshi,Box_1&5_Row_2&5,,,,,,,,,
347,557,LM0227,E57,,E57aKOU,,2,,,,,Found,Found,,,,Box_1&5_Row_2&5,,,,,,,,,
348,555,LM0227,E57,,E57aHIO,,3,0.1250,with_beads,with_beads,,Found,Found,,24.03.2022,Alexa,Box_1&5_Row_2&5,,,,,,,,,
349,546,LM0227,E57,,E57aBHK,,4,0.1034,with_beads,with_beads,,Found,Found,Available,24.03.2022,Alexa,Box_1&5_Row_2&5,,,,,,,,,
350,560,LM0227,E57,,E57aLRZ,,5,,,,,Found,Found,,,,Box_1&5_Row_2&5,,,,,,,,,
351,545,LM0227,E57,,E57aORU,,6,,,,,Unknown,Found,,,,Box_1&5_Row_2&5,,,,,,,,,
352,553,LM0227,E57,,E57aHJK,,7,,,,,Unknown,Found,,,,Box_1&5_Row_2&5,,,,,,,,,
353,544,LM0227,E57,,E57aERW,,8,,,,,Unknown,Unknown,,,,Box_1&5_Row_2&5,,,,,,,,,
354,552,LM0227,E57,,E57aDWX,,9,,,,,Unknown,Found,,,,Box_1&5_Row_2&5,,,,,,,,,
355,551,LM0227,E57,,E57aEWY,,10,,,,,Unknown,Found,,,,Box_1&5_Row_2&5,,,,,,,,,
356,563,LM0227,E57,,E57aWYZ,,11,,,,,Unknown,Found,,,,Box_1&5_Row_2&5,,,,,,,,,
357,570,LM0228,E57,XX,E57aHPX,,0,0.0566,with_beads,with_beads,,Empty,Found,Available,16.04.2022_B1,Dileshi,Box_6_Row_1,,4/16/2022 5:21:03 PM,115,ng/µl,2.3,1.25,1.84,2.11,D
358,567,LM0228,E57,XX,E57aFJN,,1,0.0452,with_beads,with_beads,,Found,Found,,10.03.2022_B1_B1,Dileshi,Box_6_Row_1,,,,,,,,,
359,567,LM0228,E57,XX,E57aGJS,Yes,1,0.0855,with_beads,with_beads,,Found,Found,Available,16.04.2022_B1,Dileshi,,,,,,,,,,
360,581,LM0228,E57,XX,E57aJTV,,2,0.707,with_beads,with_beads,,Found,Found,Available,16.04.2022_B1,Dileshi,Box_6_Row_1,,4/16/2022 5:17:52 PM,238.1,ng/µl,4.761,2.82,1.69,1.11,D
361,575,LM0228,E57,XX,E57aSUV,,3,0.1172,with_beads,with_beads,,Found,Found,,24.03.2022,Alexa,Box_6_Row_1,,3/24/2022 11:52:15 AM,83.6,ng/µl,1.673,0.901,1.86,1.94,D
362,575,LM0228,E57,XX,E57aFMP,,3,0.1172,with_beads,with_beads,,Found,Found,,24.03.2022,Alexa,Box_6_Row_1,,4/26/2022 7:57:42 PM,83.3,ng/µl,1.666,0.936,1.78,1.24,D
363,584,LM0228,E57,XX,E57aCKO,,4,0.0912,with_beads,with_beads,,Found,Found,Available,16.04.2022_B1,Dileshi,Box_6_Row_1,,4/16/2022 5:15:04 PM,134.7,ng/µl,2.694,1.518,1.77,1.45,D
364,580,LM0228,E57,XX,E57aSUY,,5,0.0751,with_beads,with_beads,,Unknown,Found,,16.04.2022_B1,Dileshi,Box_6_Row_1,,4/16/2022 5:17:10 PM,51.2,ng/µl,1.024,0.563,1.82,1.68,D
365,566,LM0228,E57,XX,E57aAFW,,6,0.0826,with_beads,with_beads,,Found,Found,,16.04.2022_B1,Dileshi,Box_6_Row_1,,4/16/2022 5:19:16 PM,120.7,ng/µl,2.413,1.332,1.81,1.59,D
366,576,LM0228,E57,XX,E57aDRV,,7,0.0560,with_beads,with_beads,,Unknown,Found,,16.04.2022_B1,Dileshi,Box_6_Row_1,,4/16/2022 5:20:05 PM,72.9,ng/µl,1.457,0.811,1.8,1.38,D
367,571,LM0228,E57,XX,E57aDKZ,,8,,,,,Unknown,Unknown,,,,Box_6_Row_1,,,,,,,,,
368,568,LM0228,E57,XX,E57aLQX,,9,0.0665,with_beads,with_beads,,Unknown,Found,,16.04.2022_B1,Dileshi,Box_6_Row_1,,4/16/2022 5:22:04 PM,280.8,ng/µl,5.616,3.059,1.84,2.16,D
369,569,LM0228,E57,XX,E57aSXZ,,10,0.0614,with_beads,with_beads,,Unknown,Found,Available,16.04.2022_B1,Dileshi,Box_6_Row_1,,4/16/2022 5:13:35 PM,166.5,ng/µl,3.33,1.83,1.82,1.8,D
370,583,LM0228,E57,XX,E57aBUY,,11,0.1199,with_beads,with_beads,,Unknown,Found,Available,16.04.2022_B1,Dileshi,Box_6_Row_1,,4/16/2022 5:12:19 PM,189.6,ng/µl,3.792,2.06,1.84,2.16,D
371,588,LM0229,E57,XX,E57aFMT,,0,0.0641,with_beads,with_beads,,Found,Found,Available,16.04.2022_B2,Dileshi,Box_6_Row_2,,4/16/2022 5:06:43 PM,24.1,ng/µl,0.483,0.272,1.77,1.47,D
372,588,LM0229,E57,XX,E57aBGQ,Yes,0,0.0623,with_beads,with_beads,,Found,Found,Available,23.04.2022_B2,Dileshi,,,4/23/2022 8:26:57 PM,204.6,ng/µl,4.093,2.292,1.79,1.61,D
373,603,LM0229,E57,XX,E57aNSW,,1,0.0428,with_beads,with_beads,,Found,Found,,10.03.2022_B1_B1,Dileshi,Box_6_Row_2,,4/26/2022 8:14:55 PM,102,ng/µl,2.04,1.086,1.88,1.84,D
374,585,LM0229,E57,XX,E57aIWY,,2,0.0686,with_beads,with_beads,,Empty,Found,Available,16.04.2022_B2,Dileshi,Box_6_Row_2,,4/16/2022 5:04:49 PM,208.9,ng/µl,4.177,2.336,1.79,1.51,D
375,593,LM0229,E57,XX,E57aAOR,,3,0.0982,with_beads,with_beads,,Found,Found,Available,16.04.2022_B2,Dileshi,Box_6_Row_2,,4/16/2022 5:03:56 PM,180.7,ng/µl,3.614,1.958,1.85,1.91,D
376,602,LM0229,E57,XX,E57aFLR,,4,0.0840,with_beads,with_beads,,Found,Found,,16.04.2022_B2,Dileshi,Box_6_Row_2,,4/16/2022 5:03:07 PM,108.8,ng/µl,2.176,1.18,1.84,1.89,D
377,597,LM0229,E57,XX,E57aBGK,,5,0.1062,with_beads,with_beads,,Found,Found,,16.04.2022_B2,Dileshi,Box_6_Row_2,,4/16/2022 5:08:42 PM,153.4,ng/µl,3.069,1.675,1.83,1.87,D
378,600,LM0229,E57,XX,E57aCQX,,6,0.0569,with_beads,with_beads,,Unknown,Found,,16.04.2022_B2,Dileshi,Box_6_Row_2,,4/16/2022 5:07:22 PM,73.7,ng/µl,1.475,0.82,1.8,1.6,D
379,589,LM0229,E57,XX,E57aHNQ,,7,0.0373,with_beads,with_beads,,Unknown,Found,,16.04.2022_B2,Dileshi,Box_6_Row_2,,4/16/2022 5:00:51 PM,32.5,ng/µl,0.65,0.358,1.82,1.49,D
380,599,LM0229,E57,XX,E57aCSY,,8,,,,,Unknown,Unknown,,,,Box_6_Row_2,,,,,,,,,
381,592,LM0229,E57,XX,E57aANW,,9,0.0608,with_beads,with_beads,,Unknown,Found,,16.04.2022_B2,Dileshi,Box_6_Row_2,,4/16/2022 5:08:10 PM,118.2,ng/µl,2.364,1.329,1.78,1.43,D
382,601,LM0229,E57,XX,E57aEMO,,10,0.0773,with_beads,with_beads,,Unknown,Found,Available,16.04.2022_B2,Dileshi,Box_6_Row_2,,4/16/2022 5:09:46 PM,50.9,ng/µl,1.017,0.587,1.73,1.16,D
383,605,LM0229,E57,XX,E57aEGZ,,11,0.0573,with_beads,with_beads,,Unknown,Found,Available,16.04.2022_B2,Dileshi,Box_6_Row_2,,4/16/2022 5:02:18 PM,231.4,ng/µl,4.628,2.526,1.83,2.22,D
384,615,LM0230,E57,,E57aHKN,,0,,,,,Empty,Found,,,,Box_6_Row_3,,,,,,,,,
385,609,LM0230,E57,,E57aBDG,,1,,,,,Found,Found,,,,Box_6_Row_3,,,,,,,,,
386,607,LM0230,E57,,E57aNOT,,2,,,,,Unknown,Found,,,,Box_6_Row_3,,,,,,,,,
387,612,LM0230,E57,,E57aKRU,,3,,,,,Found,Found,,,,Box_6_Row_3,,,,,,,,,
388,606,LM0230,E57,,E57aBDY,,4,,,,,Found,Found,,,,Box_6_Row_3,,,,,,,,,
389,613,LM0230,E57,,E57aAJW,,5,,,,,Unknown,Found,,,,Box_6_Row_3,,,,,,,,,
390,616,LM0230,E57,,E57aBCL,,6,,,,,Unknown,Found,,,,Box_6_Row_3,,,,,,,,,
391,611,LM0230,E57,,E57aMQV,,7,,,,,Unknown,Found,,,,Box_6_Row_3,,,,,,,,,
392,608,LM0230,E57,,E57aCMZ,,8,,,,,Unknown,Unknown,,,,Box_6_Row_3,,,,,,,,,
393,614,LM0230,E57,,E57aOPV,,9,,,,,Unknown,Empty,,,,Box_6_Row_3,,,,,,,,,
394,617,LM0230,E57,,E57aHKX,,10,,,,,Unknown,Unknown,,,,Box_6_Row_3,,,,,,,,,
395,610,LM0230,E57,,E57aDVW,,11,,,,,Unknown,Unknown,,,,Box_6_Row_3,,,,,,,,,
396,623,LM0231,E57,,E57aCOR,,0,,,,,Found,Found,Available,,,Box_6_Row_4,,,,,,,,,
397,630,LM0231,E57,,E57aNSY,,1,0.1182,no_beads,no_beads,,Found,Found,Available,09.03.2022,Alexa,Box_6_Row_4,,,,,,,,,
398,618,LM0231,E57,,E57aNPY,,2,0.0523,with_beads,with_beads,,Found,Found,,05.04.2022_B1,Dileshi,Box_6_Row_4,,4/5/2022 3:46:09 PM,-94.8,ng/µl,-1.897,1.227,-1.55,-1.68,D
399,625,LM0231,E57,,E57aOTX,,3,0.1072,with_beads,with_beads,,Found,Found,,23.03.2022,Alexa,Box_6_Row_4,,,,,,,,,
400,627,LM0231,E57,,E57aDHI,,4,,,,,Empty,Found,,,,Box_6_Row_4,,,,,,,,,
401,624,LM0231,E57,,E57aDMN,,5,,,,,Unknown,Found,,,,Box_6_Row_4,,,,,,,,,
402,620,LM0231,E57,,E57aOQR,,6,,,,,Unknown,Found,,,,Box_6_Row_4,,,,,,,,,
403,632,LM0231,E57,,E57aBIX,,7,,,,,Unknown,Found,,,,Box_6_Row_4,,,,,,,,,
404,633,LM0231,E57,,E57aQRS,,8,,,,,Unknown,Unknown,,,,Box_6_Row_4,,,,,,,,,
405,621,LM0231,E57,,E57aNUV,,9,,,,,Unknown,Found,,,,Box_6_Row_4,,,,,,,,,
406,619,LM0231,E57,,E57aFJY,,10,,,,,Unknown,Found,,,,Box_6_Row_4,,,,,,,,,
407,636,LM0231,E57,,E57aLNY,,11,,,,,Unknown,Found,,,,Box_6_Row_4,,,,,,,,,
408,652,LM0232,E57,,E57aBIS,,0,,,,,Found,Found,,,,Box_6_Row_5,,,,,,,,,
409,645,LM0232,E57,,E57aEQW,,1,0.0713,no_beads,no_beads,4_minute_longer_fridge_incubation,Found,Found,Available,09.03.2022_B1,Dileshi,Box_6_Row_5,,,,,,,,,
410,643,LM0232,E57,,E57aHLX,,2,,,,,Found,Found,,,,Box_6_Row_5,,,,,,,,,
411,644,LM0232,E57,,E57aCNW,,3,,,,,Found,Found,,,,Box_6_Row_5,,,,,,,,,
412,650,LM0232,E57,,E57aDNO,,4,,,,,Found,Found,,,,Box_6_Row_5,,,,,,,,,
413,641,LM0232,E57,,E57aMOY,,5,,,,,Found,Found,,,,Box_6_Row_5,,,,,,,,,
414,655,LM0232,E57,,E57aJVX,,6,,,,,Unknown,Found,,,,Box_6_Row_5,,,,,,,,,
415,648,LM0232,E57,,E57aMOW,,7,,,,,Unknown,Found,,,,Box_6_Row_5,,,,,,,,,
416,649,LM0232,E57,,E57aEIM,,8,,,,,Unknown,Unknown,,,,Box_6_Row_5,,,,,,,,,
417,647,LM0232,E57,,E57aFHL,,9,,,,,Unknown,Found,,,,Box_6_Row_5,,,,,,,,,
418,657,LM0232,E57,,E57aAGI,,10,,,,,Unknown,Found,,,,Box_6_Row_5,,,,,,,,,
419,658,LM0232,E57,,E57aEMZ,,11,,,,,Unknown,Found,,,,Box_6_Row_5,,4/20/2022 1:56:11 PM,88,ng/µl,1.759,0.951,1.85,2.08,D
420,672,LM0233,E57,,E57aAJU,,0,,,,,Found,Found,,,,Box_7_Row_1,,,,,,,,,
421,675,LM0233,E57,,E57aDQZ,,1,,,,,Unknown,Found,,,,Box_7_Row_1,,,,,,,,,
422,680,LM0233,E57,,E57aBFG,,2,,,,,Unknown,Found,,,,Box_7_Row_1,,,,,,,,,
423,668,LM0233,E57,,E57aFJX,,3,,,,,Found,Found,,,,Box_7_Row_1,,,,,,,,,
424,673,LM0233,E57,,E57aGMV,,4,0.0540,with_beads,with_beads,,Found,Found,,24.03.2022,Alexa,Box_7_Row_1,,,,,,,,,
425,679,LM0233,E57,,E57aANT,,5,,,,,Unknown,Found,,,,Box_7_Row_1,,,,,,,,,
426,663,LM0233,E57,,E57aRVW,,6,,,,,Unknown,Found,,,,Box_7_Row_1,,,,,,,,,
427,671,LM0233,E57,,E57aLOY,,7,,,,,Unknown,Found,,,,Box_7_Row_1,,,,,,,,,
428,669,LM0233,E57,,E57aDHR,,8,,,,,Unknown,Unknown,,,,Box_7_Row_1,,,,,,,,,
429,678,LM0233,E57,,E57aAOX,,9,,,,,Unknown,Found,,,,Box_7_Row_1,,,,,,,,,
430,677,LM0233,E57,,E57aGOT,,10,,,,,Unknown,Found,,,,Box_7_Row_1,,,,,,,,,
431,670,LM0233,E57,,E57aKNZ,,11,,,,,Unknown,Found,,,,Box_7_Row_1,,,,,,,,,
432,699,LM0234,E57,,E57aDOP,,0,,,,,Found,Unknown,Available,,,Box_7_Row_2,,,,,,,,,
433,683,LM0234,E57,,E57aJTW,,1,,,,,Unknown,Found,,,,Box_7_Row_2,,,,,,,,,
434,689,LM0234,E57,,E57aGPS,,2,,,,,Found,Found,,,,Box_7_Row_2,,,,,,,,,
435,684,LM0234,E57,,E57aDKN,,3,0.0711,with_beads,with_beads,,Found,Found,,23.03.2022,Alexa,Box_7_Row_2,,,,,,,,,
436,697,LM0234,E57,,E57aBKL,,4,,,,,Found,Found,,,,Box_7_Row_2,,,,,,,,,
437,691,LM0234,E57,,E57aBJN,,5,,,,,Found,Found,,,,Box_7_Row_2,,,,,,,,,
438,693,LM0234,E57,,E57aDSX,,6,,,,,Unknown,Found,,,,Box_7_Row_2,,,,,,,,,
439,700,LM0234,E57,,E57aGSZ,,7,,,,,Unknown,Found,,,,Box_7_Row_2,,,,,,,,,
440,696,LM0234,E57,,E57aHMY,,8,,,,,Unknown,Unknown,,,,Box_7_Row_2,,,,,,,,,
441,692,LM0234,E57,,E57aFLZ,,9,,,,,Unknown,Found,,,,Box_7_Row_2,,,,,,,,,
442,694,LM0234,E57,,E57aEHK,,10,,,,,Unknown,Found,,,,Box_7_Row_2,,,,,,,,,
443,695,LM0234,E57,,E57aBFL,,11,,,,,Unknown,Found,,,,Box_7_Row_2,,,,,,,,,
444,706,LM0235,E57,,E57aCKV,,0,,,,,Found,Found,Available,,,Box_7_Row_4,,,,,,,,,
445,713,LM0235,E57,,E57aGMS,,1,0.1006,no_beads,no_beads,,Found,Found,,07.03.2022_B1,Fay_Alexa_Dileshi,Box_7_Row_4,,,,,,,,,
446,714,LM0235,E57,,E57aLOT,,2,,,,,Found,Found,,,,Box_7_Row_4,,,,,,,,,
447,708,LM0235,E57,,E57aCJT,,3,0.1153,with_beads,with_beads,,Found,Unknown,,24.03.2022,Alexa,Box_7_Row_4,,,,,,,,,
448,710,LM0235,E57,,E57aDKQ,,4,,,,,Found,Found,,,,Box_7_Row_4,,,,,,,,,
449,717,LM0235,E57,,E57aEUW,,5,,,,,Found,Found,,,,Box_7_Row_4,,,,,,,,,
450,719,LM0235,E57,,E57aFQV,,6,,,,,Unknown,Found,,,,Box_7_Row_4,,,,,,,,,
451,716,LM0235,E57,,E57aDXY,,7,,,,,Unknown,Found,,,,Box_7_Row_4,,,,,,,,,
452,711,LM0235,E57,,E57aDIS,,8,,,,,Unknown,Unknown,,,,Box_7_Row_4,,,,,,,,,
453,715,LM0235,E57,,E57aETZ,,9,,,,,Unknown,Unknown,,,,Box_7_Row_4,,,,,,,,,
454,718,LM0235,E57,,E57aENR,,10,,,,,Unknown,Found,,,,Box_7_Row_4,,,,,,,,,
455,705,LM0235,E57,,E57aIOY,,11,,,,,Unknown,Found,,,,Box_7_Row_4,,,,,,,,,
456,728,LM0236,E57,,E57aCJQ,,0,,,,,Found,Found,,,,Box_7_Row_3,,,,,,,,,
457,736,LM0236,E57,,E57aNQW,,1,,,,,Unknown,Found,,,,Box_7_Row_3,,,,,,,,,
458,733,LM0236,E57,,E57aHOU,,2,,,,,Unknown,Found,,,,Box_7_Row_3,,,,,,,,,
459,739,LM0236,E57,,E57aIOX,,3,,,,,Empty,Found,,,,Box_7_Row_3,,,,,,,,,
460,725,LM0236,E57,,E57aDMT,,4,0.0510,with_beads,with_beads,,Found,Found,,10.03.2022_B1,Dileshi,Box_7_Row_3,,,,,,,,,
461,741,LM0236,E57,,E57aTXZ,,5,,,,,Unknown,Found,,,,Box_7_Row_3,,,,,,,,,
462,742,LM0236,E57,,E57aDEK,,6,,,,,Unknown,Unknown,,,,Box_7_Row_3,,,,,,,,,
463,729,LM0236,E57,,E57aDEK2,,7,,,,,Unknown,Found,,,,Box_7_Row_3,,,,,,,,,
464,723,LM0236,E57,,E57aGRV,,8,,,,,Unknown,Unknown,,,,Box_7_Row_3,,,,,,,,,
465,738,LM0236,E57,,E57aHTZ,,9,,,,,Unknown,Found,,,,Box_7_Row_3,,,,,,,,,
466,724,LM0236,E57,,E57aAEQ,,10,,,,,Unknown,Found,,,,Box_7_Row_3,,,,,,,,,
467,735,LM0236,E57,,E57aLRX,,11,,,,,Unknown,Found,,,,Box_7_Row_3,,,,,,,,,
468,750,LM0237,E57,,E57aQVY,,0,,,,,Found,Found,Available,,,Box_7_Row_5,,,,,,,,,
469,747,LM0237,E57,,E57aGNZ,,1,0.0430,no_beads,no_beads,4_minute_longer_fridge_incubation,Found,Found,,09.03.2022_B1,Dileshi,Box_7_Row_5,,,,,,,,,
470,753,LM0237,E57,,E57aMPT,,2,0.0056,with_beads,with_beads,,Found,Found,,07.04.2022_B1,Dileshi,Box_7_Row_5,,4/7/2022 2:22:52 PM,70.1,ng/µl,1.401,0.991,1.41,0.51,D
471,744,LM0237,E57,,E57aCFW,,3,,,,,Found,Found,,,,Box_7_Row_5,,,,,,,,,
472,751,LM0237,E57,,E57aAJT,,4,,,,,Found,Found,,,,Box_7_Row_5,,,,,,,,,
473,752,LM0237,E57,,E57aIJS,,5,,,,,Found,Found,,,,Box_7_Row_5,,,,,,,,,
474,749,LM0237,E57,,E57aCSX,,6,,,,,Unknown,Found,,,,Box_7_Row_5,,,,,,,,,
475,745,LM0237,E57,,E57aFLQ,,7,,,,,Unknown,Found,,,,Box_7_Row_5,,,,,,,,,
476,748,LM0237,E57,,E57aRWY,,8,,,,,Unknown,Unknown,,,,Box_7_Row_5,,,,,,,,,
477,746,LM0237,E57,,E57aRWY2,,9,,,,,Unknown,Unknown,,,,Box_7_Row_5,,,,,,,,,
478,754,LM0237,E57,,E57aALU,,10,,,,,Unknown,Unknown,,,,Box_7_Row_5,,,,,,,,,
479,755,LM0237,E57,,E57aUWY,,11,,,,,Unknown,Unknown,,,,Box_7_Row_5,,,,,,,,,
480,757,LM0238,E57,,E57aHJR,,0,0.0737,with_beads,with_beads,,Found,Found,Available,14.04.2022_B1,Dileshi,Box_8_Row_1,,4/14/2022 6:47:37 PM,149.1,ng/µl,2.982,1.604,1.86,1.23,D
481,765,LM0238,E57,,E57aCKZ,,1,0.0896,with_beads,with_beads,,Unknown,Found,,14.04.2022_B1,Dileshi,Box_8_Row_1,,4/14/2022 6:51:49 PM,40.9,ng/µl,0.819,0.464,1.76,0.74,D
482,776,LM0238,E57,,E57aKMX,,2,0.0752,with_beads,with_beads,,Found,Found,,24.03.2022,Alexa,Box_8_Row_1,,4/26/2022 7:57:09 PM,241.9,ng/µl,4.838,2.679,1.81,1.97,D
483,773,LM0238,E57,,E57aAGU,,3,0.1021,with_beads,with_beads,,Found,Found,,23.03.2022,Alexa,Box_8_Row_1,,4/26/2022 8:00:24 PM,189.3,ng/µl,3.786,2.108,1.8,1.65,D
484,758,LM0238,E57,,E57aHJT,,4,0.0507,with_beads,with_beads,,Found,Found,Available,23.04.2022_B1,Dileshi,Box_8_Row_1,,4/23/2022 4:41:40 PM,200.1,ng/µl,4.002,2.189,1.83,1.42,D
485,768,LM0238,E57,,E57aENX,,5,0.0609,with_beads,with_beads,,Unknown,Found,Available,23.04.2022_B1,Dileshi,Box_8_Row_1,,4/23/2022 4:40:56 PM,72.9,ng/µl,1.458,0.792,1.84,1.55,D
486,760,LM0238,E57,,E57aABL,,6,0.0805,with_beads,with_beads,,Unknown,Found,,14.04.2022_B1,Dileshi,Box_8_Row_1,,4/14/2022 6:54:07 PM,210,ng/µl,4.199,2.328,1.8,1.69,D
487,764,LM0238,E57,,E57aIVW,,7,0.0224,with_beads,with_beads,,Unknown,Found,,14.04.2022_B1,Dileshi,Box_8_Row_1,,4/14/2022 6:44:41 PM,147.7,ng/µl,2.954,1.596,1.85,2.01,D
488,766,LM0238,E57,,E57aHOS,,8,,,,,Unknown,Unknown,,,,Box_8_Row_1,,,,,,,,,
489,756,LM0238,E57,,E57aCHP,,9,,,,,Unknown,Unknown,,,,Box_8_Row_1,,,,,,,,,
490,769,LM0238,E57,,E57aHJZ,,10,0.0341,with_beads,with_beads,,Unknown,Found,,14.04.2022_B1,Dileshi,Box_8_Row_1,,4/14/2022 6:54:59 PM,199.1,ng/µl,3.982,2.178,1.83,1.61,D
491,771,LM0238,E57,,E57aPRS,,11,0.0628,with_beads,with_beads,,Unknown,Found,Available,14.04.2022_B1,Dileshi,Box_8_Row_1,,4/14/2022 6:46:53 PM,244.2,ng/µl,4.884,2.648,1.84,1.98,D
492,791,LM0239,E57,XX,E57aDFX,,0,0.0736,with_beads,with_beads,,Found,Found,Available,07.04.2022_B1,Dileshi,Box_8_Row_2,,4/7/2022 2:27:55 PM,255,ng/µl,5.101,3.034,1.68,1.48,D
493,791,LM0239,E57,XX,E57aEOZ,,0,0.0736,with_beads,with_beads,,Found,Found,Available,07.04.2022_B1,Dileshi,Box_8_Row_2,,4/26/2022 8:12:59 PM,218.2,ng/µl,4.363,2.387,1.83,1.81,D
494,797,LM0239,E57,XX,E57aADE,,1,0.0662,no_beads,no_beads,4_minute_longer_fridge_incubation,Found,Found,,09.03.2022_B1,Dileshi,Box_8_Row_2,,,,,,,,,
495,797,LM0239,E57,XX,E57aIUZ,Yes,1,0.1330,with_beads,with_beads,,Found,Found,Available,14.04.2022_B1,Dileshi,,,4/14/2022 6:46:03 PM,127.7,ng/µl,2.555,1.369,1.87,1.89,D
496,793,LM0239,E57,XX,E57aADF,,2,0.0952,with_beads,with_beads,,Found,Found,Available,14.04.2022_B2,Dileshi,Box_8_Row_2,,4/14/2022 7:04:39 PM,197.4,ng/µl,3.948,2.158,1.83,1.29,D
497,779,LM0239,E57,XX,E57aJNU,,3,0.1138,with_beads,with_beads,,Found,Found,,23.03.2022,Alexa,Box_8_Row_2,,4/26/2022 7:42:35 PM,201.6,ng/µl,4.032,2.204,1.83,1.94,D
498,777,LM0239,E57,XX,E57aDHW,,4,0.1195,with_beads,with_beads,,Found,Found,Available,24.03.2022,Alexa,Box_8_Row_2,,3/24/2022 11:46:46 AM,145.4,ng/µl,2.909,1.552,1.87,1.89,D
499,777,LM0239,E57,XX,E57aSUZ,,4,0.1195,with_beads,with_beads,,Found,Found,Available,24.03.2022,Alexa,Box_8_Row_2,,4/26/2022 8:08:57 PM,154,ng/µl,3.08,1.665,1.85,1.54,D
500,787,LM0239,E57,XX,E57aIMY,,5,0.0599,with_beads,with_beads,,Found,Found,,23.04.2022_B1,Dileshi,Box_8_Row_2,,4/23/2022 4:46:20 PM,184.9,ng/µl,3.698,2.01,1.84,2.08,D
501,790,LM0239,E57,XX,E57aCGR,,6,0.0525,with_beads,with_beads,,Unknown,Found,,14.04.2022_B2,Dileshi,Box_8_Row_2,,4/14/2022 7:06:17 PM,168.4,ng/µl,3.368,1.835,1.84,1.18,D
502,778,LM0239,E57,XX,E57aGJY,,7,0.0909,with_beads,with_beads,lost_50%_supertant_step_12_round_2,Unknown,Found,,14.04.2022_B1,Dileshi,Box_8_Row_2,,4/14/2022 6:53:14 PM,157.9,ng/µl,3.157,1.722,1.83,1.69,D
503,794,LM0239,E57,XX,E57aMOX,,8,,,,,Unknown,Unknown,,,,Box_8_Row_2,,,,,,,,,
504,784,LM0239,E57,XX,E57aOQV,,9,0.0620,with_beads,with_beads,,Unknown,Found,,14.04.2022_B1,Dileshi,Box_8_Row_2,,4/14/2022 6:42:41 PM,160.5,ng/µl,3.21,1.723,1.86,1.89,D
505,789,LM0239,E57,XX,E57aKTX,,10,0.0647,with_beads,with_beads,,Unknown,Found,,14.04.2022_B1,Dileshi,Box_8_Row_2,,4/14/2022 6:43:14 PM,134.1,ng/µl,2.682,1.433,1.87,2.02,D
506,783,LM0239,E57,XX,E57aAKX,,11,0.0564,with_beads,with_beads,,Unknown,Found,Available,23.04.2022_B1,Dileshi,Box_8_Row_2,,4/23/2022 4:44:53 PM,186.7,ng/µl,3.734,2.035,1.84,2.19,D
507,804,LM0240,E57,XX,E57aIMS,,0,0.0901,with_beads,with_beads,,Found,Found,Available,14.04.2022_B2,Dileshi,Box_8_Row_3,,4/14/2022 7:02:48 PM,144.1,ng/µl,2.883,1.58,1.82,1.26,D
508,815,LM0240,E57,XX,E57aALN,,1,0.0847,no_beads,no_beads,75µl_SX_instead_of_32.5µl_+_no_vortex_at_step_22,Found,Found,,07.03.2022_B2,Dileshi,Box_8_Row_3,,4/26/2022 8:10:24 PM,164.4,ng/µl,3.288,1.778,1.85,0.98,D
509,799,LM0240,E57,XX,E57aJLO,,2,0.0767,with_beads,with_beads,,Found,Found,Available,14.04.2022_B2,Dileshi,Box_8_Row_3,,4/14/2022 7:06:42 PM,56.5,ng/µl,1.129,0.629,1.79,0.78,D
510,799,LM0240,E57,XX,E57aAHM,Yes,2,0.0465,with_beads,with_beads,,Found,Found,,23.04.2022_B2,Dileshi,,,4/23/2022 8:28:45 PM,98.8,ng/µl,1.977,1.079,1.83,1.85,D
511,801,LM0240,E57,XX,E57aILY,,3,0.0787,with_beads,with_beads,,Found,Found,,23.03.2022,Alexa,Box_8_Row_3,,4/26/2022 8:13:57 PM,163.4,ng/µl,3.267,1.772,1.84,1.82,D
512,805,LM0240,E57,XX,E57aRSZ,,4,0.0776,with_beads,with_beads,,Found,Found,Available,14.04.2022_B2,Dileshi,Box_8_Row_3,,4/14/2022 7:07:21 PM,178.3,ng/µl,3.566,1.953,1.83,1.31,D
513,802,LM0240,E57,XX,E57aKTZ,,5,0.0540,with_beads,with_beads,,Found,Found,Available,23.04.2022_B1,Dileshi,Box_8_Row_3,,4/23/2022 4:44:07 PM,135.3,ng/µl,2.706,1.518,1.78,1.34,D
514,817,LM0240,E57,XX,E57aEMP,,6,0.1074,with_beads,with_beads,,Unknown,Found,Available,14.04.2022_B2,Dileshi,Box_8_Row_3,,4/14/2022 7:02:10 PM,185.1,ng/µl,3.701,2.029,1.82,1.32,D
515,812,LM0240,E57,XX,E57aJLT,,7,0.576,with_beads,with_beads,,Unknown,Found,Available,14.04.2022_B2,Dileshi,Box_8_Row_3,,4/14/2022 7:05:41 PM,109.2,ng/µl,2.184,1.21,1.81,0.75,D
516,813,LM0240,E57,XX,E57aIPR,,8,,,,,Unknown,Unknown,,,,Box_8_Row_3,,,,,,,,,
517,803,LM0240,E57,XX,E57aMPY,,9,0.1391,with_beads,with_beads,,Unknown,Found,,14.04.2022_B2,Dileshi,Box_8_Row_3,,4/14/2022 7:05:10 PM,155.6,ng/µl,3.112,1.7,1.83,1.35,D
518,810,LM0240,E57,XX,E57aQUW,,10,0.0897,with_beads,with_beads,,Unknown,Found,Available,14.04.2022_B2,Dileshi,Box_8_Row_3,,,,,,,,,
519,800,LM0240,E57,XX,E57aABH,,11,0.103,with_beads,with_beads,,Unknown,Found,Available,14.04.2022_B2,Dileshi,Box_8_Row_3,,4/14/2022 6:59:48 PM,203.3,ng/µl,4.065,2.234,1.82,1.29,D
520,829,LM0241,E57,,E57aHUZ,,0,,,,,Found,Found,,,,Box_8_Row_4,,,,,,,,,
521,825,LM0241,E57,,E57aDQW,,1,,,,,Unknown,Found,,,,Box_8_Row_4,,,,,,,,,
522,828,LM0241,E57,,E57aPUY,,2,,,,,Found,Found,,,,Box_8_Row_4,,,,,,,,,
523,830,LM0241,E57,,E57aJMQ,,3,0.0363,with_beads,with_beads,,Found,Found,,24.03.2022,Alexa,Box_8_Row_4,,3/24/2022 11:50:06 AM,84.4,ng/µl,1.687,0.896,1.88,3.63,D
524,824,LM0241,E57,,E57aALY,,4,0.1027,with_beads,with_beads,,Found,Found,,24.03.2022,Alexa,Box_8_Row_4,,,,,,,,,
525,827,LM0241,E57,,E57aCRY,,5,,,,,Unknown,Found,,,,Box_8_Row_4,,,,,,,,,
526,823,LM0241,E57,,E57aBFI,,6,,,,,Unknown,Found,,,,Box_8_Row_4,,,,,,,,,
527,819,LM0241,E57,,E57aHJW,,7,,,,,Unknown,Found,,,,Box_8_Row_4,,,,,,,,,
528,826,LM0241,E57,,E57aMXZ,,8,,,,,Unknown,Unknown,,,,Box_8_Row_4,,,,,,,,,
529,820,LM0241,E57,,E57aVWY,,9,,,,,Unknown,Unknown,,,,Box_8_Row_4,,,,,,,,,
530,822,LM0241,E57,,E57aLNX,,10,,,,,Unknown,Unknown,,,,Box_8_Row_4,,,,,,,,,
531,821,LM0241,E57,,E57aJSU,,11,,,,,Unknown,Unknown,,,,Box_8_Row_4,,,,,,,,,
532,840,LM0242,E57,,E57aBGL,,0,0.0814,with_beads,with_beads,,Found,Found,,07.04.2022_B1,Dileshi,Box_8_Row_5,,4/7/2022 2:27:09 PM,220.2,ng/µl,4.403,2.557,1.72,1.72,D
533,841,LM0242,E57,,E57aBFV,,1,0.1001,with_beads,with_beads,,Found,Found,Available,10.03.2022_B1,Dileshi,Box_8_Row_5,,,,,,,,,
534,837,LM0242,E57,,E57aBNO,,2,,,,,Found,Found,Available,,,Box_8_Row_5,,,,,,,,,
535,835,LM0242,E57,,E57aCFJ,,3,,,,,Found,Unknown,,,,Box_8_Row_5,,,,,,,,,
536,836,LM0242,E57,,E57aBRZ,,4,,,,,Found,Found,,,,Box_8_Row_5,,,,,,,,,
537,834,LM0242,E57,,E57aNRV,,5,,,,,Found,Found,,,,Box_8_Row_5,,,,,,,,,
538,838,LM0242,E57,,E57aFTV,,6,,,,,Unknown,Found,,,,Box_8_Row_5,,,,,,,,,
539,833,LM0242,E57,,E57aARV,,7,,,,,Unknown,Found,,,,Box_8_Row_5,,,,,,,,,
540,839,LM0242,E57,,E57aHIK,,8,,,,,Unknown,Unknown,,,,Box_8_Row_5,,,,,,,,,
541,842,LM0242,E57,,E57aJOP,,9,,,,,Unknown,Found,,,,Box_8_Row_5,,,,,,,,,
542,831,LM0242,E57,,E57aOST,,10,,,,,Unknown,Found,,,,Box_8_Row_5,,,,,,,,,
543,832,LM0242,E57,,E57aDLX,,11,,,,,Unknown,Unknown,,,,Box_8_Row_5,,,,,,,,,
544,845,LM0243,E57,,E57aBOV,,0,,,,,Found,Found,,,,Box_1_Row_1,,,,,,,,,
545,843,LM0243,E57,,E57aAOT,,1,ALEXA,no_beads,no_beads,,Unknown,Found,,04.03.2022,Alexa_Fay,Box_1_Row_1,,,,,,,,,
546,849,LM0243,E57,,E57aBLT,,2,,,,,Unknown,Found,,,,Box_1_Row_1,,,,,,,,,
547,850,LM0243,E57,,E57aAHJ,,3,,,,,Unknown,Found,,,,Box_1_Row_1,,,,,,,,,
548,844,LM0243,E57,,E57aAKO,,4,,,,,Found,Found,,,,Box_1_Row_1,,,,,,,,,
549,847,LM0243,E57,,E57aGHL,,5,,,,,Unknown,Found,,,,Box_1_Row_1,,,,,,,,,
550,852,LM0243,E57,,E57aBLN,,6,,,,,Unknown,Found,,,,Box_1_Row_1,,,,,,,,,
551,853,LM0243,E57,,E57aRTV,,7,,,,,Unknown,Found,,,,Box_1_Row_1,,,,,,,,,
552,848,LM0243,E57,,E57aIKZ,,8,,,,,Unknown,Unknown,,,,Box_1_Row_1,,,,,,,,,
553,851,LM0243,E57,,E57aTUY,,9,,,,,Unknown,Unknown,,,,Box_1_Row_1,,,,,,,,,
554,846,LM0243,E57,,E57aBOY,,10,,,,,Unknown,Unknown,,,,Box_1_Row_1,,,,,,,,,
555,854,LM0243,E57,,E57aAMS,,11,,,,,Unknown,Unknown,,,,Box_1_Row_1,,,,,,,,,
556,858,LM0244,E57,,E57aACY,,0,0.0580,with_beads,with_beads,,Found,Found,Available,07.04.2022_B1,Dileshi,Box_11_Row_2,,4/7/2022 2:24:37 PM,292.6,ng/µl,5.853,3.371,1.74,2.09,D
557,859,LM0244,E57,,E57aKUY,,1,0.0118,no_beads,no_beads,4_minute_longer_fridge_incubation,Found,Found,,09.03.2022_B1,Dileshi,Box_11_Row_2,,,,,,,,,
558,863,LM0244,E57,,E57aBGU,,2,,,,,Found,Found,,,,Box_11_Row_2,,,,,,,,,
559,862,LM0244,E57,,E57aACP,,3,0.0691,with_beads,with_beads,,Found,Found,,23.03.2022,Alexa,Box_11_Row_2,,,,,,,,,
560,866,LM0244,E57,,E57aGLM,,4,0.0616,with_beads,with_beads,,Found,Found,,22.04.2022_B2,Dileshi,Box_11_Row_2,,4/22/2022 8:24:57 PM,250.9,ng/µl,5.018,2.731,1.84,1.91,D
561,857,LM0244,E57,,E57aSUX,,5,,,,,Found,Found,,,,Box_11_Row_2,,,,,,,,,
562,856,LM0244,E57,,E57aHLY,,6,,,,,Unknown,Found,,,,Box_11_Row_2,,,,,,,,,
563,865,LM0244,E57,,E57aKUX,,7,,,,,Unknown,Found,,,,Box_11_Row_2,,,,,,,,,
564,864,LM0244,E57,,E57aHOY,,8,,,,,Unknown,Unknown,,,,Box_11_Row_2,,,,,,,,,
565,861,LM0244,E57,,E57aMNR,,9,,,,,Unknown,Empty,,,,Box_11_Row_2,,,,,,,,,
566,855,LM0244,E57,,E57aAIK,,10,,,,,Unknown,Unknown,,,,Box_11_Row_2,,,,,,,,,
567,860,LM0244,E57,,E57aGQS,,11,,,,,Unknown,Unknown,,,,Box_11_Row_2,,,,,,,,,
568,874,LM0245,E57,,E57aCOW,,0,,,,,Found,Found,Available,,,Box_9_Row_1,,,,,,,,,
569,873,LM0245,E57,,E57aOQY,,1,0.0638,no_beads,no_beads,,Found,Found,,07.03.2022_B1,Fay_Alexa_Dileshi,Box_9_Row_1,,,,,,,,,
570,875,LM0245,E57,,E57aLRS,,2,,,,,Found,Found,,,,Box_9_Row_1,,,,,,,,,
571,868,LM0245,E57,,E57aJOT,,3,,,,,Found,Found,,,,Box_9_Row_1,,,,,,,,,
572,877,LM0245,E57,,E57aCMW,,4,0.0788,with_beads,with_beads,,Found,Found,,24.03.2022,Alexa,Box_9_Row_1,,3/24/2022 11:49:22 AM,196.3,ng/µl,3.926,2.129,1.84,2.25,D
573,870,LM0245,E57,,E57aDQV,,5,,,,,Found,Found,,,,Box_9_Row_1,,,,,,,,,
574,867,LM0245,E57,,E57aAUZ,,6,,,,,Unknown,Found,,,,Box_9_Row_1,,,,,,,,,
575,876,LM0245,E57,,E57aHJM,,7,,,,,Unknown,Found,,,,Box_9_Row_1,,,,,,,,,
576,869,LM0245,E57,,E57aDOU,,8,,,,,Unknown,Unknown,,,,Box_9_Row_1,,,,,,,,,
577,878,LM0245,E57,,E57aEFG,,9,,,,,Unknown,Empty,,,,Box_9_Row_1,,,,,,,,,
578,871,LM0245,E57,,E57aJLX,,10,,,,,Unknown,Unknown,,,,Box_9_Row_1,,,,,,,,,
579,872,LM0245,E57,,E57aAIV,,11,,,,,Unknown,Unknown,,,,Box_9_Row_1,,,,,,,,,
580,885,LM0246,E57,XX,E57aDEW,,0,0.0910,no_beads,with_beads,vortex_step_21_skipped,Found,Found,Available,15.04.2022_B1,Dileshi,Box_9_Row_3,,4/15/2022 3:06:47 PM,164.7,ng/µl,3.295,1.795,1.84,2.18,D
581,882,LM0246,E57,XX,E57aCJO,,1,0.0844,no_beads,with_beads,vortex_step_21_skipped,Found,Found,Available,15.04.2022_B1,Dileshi,Box_9_Row_3,,4/15/2022 3:07:43 PM,169.2,ng/µl,3.384,1.913,1.77,1.18,D
582,879,LM0246,E57,XX,E57aAHV,,2,0.0866,no_beads,with_beads,vortex_step_21_skipped,Unknown,Found,Available,15.04.2022_B1,Dileshi,Box_9_Row_3,,4/15/2022 3:11:04 PM,147,ng/µl,2.94,1.622,1.81,1.92,D
583,888,LM0246,E57,XX,E57aFGZ,,3,0.0783,with_beads,with_beads,,Found,Found,,24.03.2022,Alexa,Box_9_Row_3,,4/26/2022 8:07:56 PM,164.2,ng/µl,3.283,1.797,1.83,2.03,D
584,880,LM0246,E57,XX,E57aFVY,,4,0.1434,no_beads,with_beads,vortex_step_21_skipped,Found,Found,Available,15.04.2022_B1,Dileshi,Box_9_Row_3,,4/15/2022 3:15:18 PM,146.4,ng/µl,2.929,1.643,1.78,1.4,D
585,886,LM0246,E57,XX,E57aART,,5,0.0542,no_beads,with_beads,,Empty,Found,,15.04.2022_B1,Dileshi,Box_9_Row_3,,4/15/2022 3:12:35 PM,119,ng/µl,2.379,1.284,1.85,2.16,D
586,889,LM0246,E57,XX,E57aKRZ,,6,0.0613,no_beads,with_beads,vortex_step_21_skipped,Unknown,Found,Available,15.04.2022_B1,Dileshi,Box_9_Row_3,,4/15/2022 3:16:12 PM,100.3,ng/µl,2.005,1.096,1.83,1.86,D
587,890,LM0246,E57,XX,E57aAES,,7,,,,,Found,Empty,,,,Box_9_Row_3,,,,,,,,,
588,883,LM0246,E57,XX,E57aDOS,,8,,,,,Unknown,Unknown,,,,Box_9_Row_3,,,,,,,,,
589,887,LM0246,E57,XX,E57aHLW,,9,0.0726,no_beads,with_beads,vortex_step_21_skipped,Unknown,Found,,15.04.2022_B1,Dileshi,Box_9_Row_3,,4/15/2022 3:05:33 PM,280,ng/µl,5.6,3.075,1.82,2.09,D
590,884,LM0246,E57,XX,E57aMRS,,10,0.0441,no_beads,with_beads,vortex_step_21_skipped,Unknown,Found,,15.04.2022_B1,Dileshi,Box_9_Row_3,,4/15/2022 3:13:34 PM,207.2,ng/µl,4.144,2.251,1.84,2.15,D
591,881,LM0246,E57,XX,E57aSVX,,11,0.0797,no_beads,with_beads,vortex_step_21_skipped,Unknown,Found,,15.04.2022_B1,Dileshi,Box_9_Row_3,,4/15/2022 3:08:38 PM,280.5,ng/µl,5.609,3.094,1.81,2.06,D
592,897,LM0247,E57,XX,E57aRSX,,0,0.0762,with_beads,with_beads,,Found,Found,,15.04.2022_B2,Dileshi,Box_9_Row_4,,4/15/2022 6:27:57 PM,192.1,ng/µl,3.841,2.145,1.79,1.45,D
593,906,LM0247,E57,XX,E57aMPW,,1,0.0550,no_beads,no_beads,4_minute_longer_fridge_incubation,Found,Found,,09.03.2022_B1,Dileshi,Box_9_Row_4,,4/26/2022 7:59:48 PM,81.2,ng/µl,1.625,0.906,1.79,1.41,D
594,892,LM0247,E57,XX,E57aAIP,,2,0.0967,with_beads,with_beads,,Found,Found,,15.04.2022_B2,,Box_9_Row_4,,4/15/2022 6:35:17 PM,294.7,ng/µl,5.894,3.476,1.7,1.06,D
595,896,LM0247,E57,XX,E57aCQW,,3,0.0553,with_beads,with_beads,,Unknown,Found,Available,15.04.2022_B2,Dileshi,Box_9_Row_4,,4/15/2022 6:30:10 PM,141.8,ng/µl,2.835,1.589,1.78,1.45,D
596,909,LM0247,E57,XX,E57aDUZ,,4,0.0625,with_beads,with_beads,,Empty,Found,,15.04.2022_B2,Dileshi,Box_9_Row_4,,,,,,,,,
597,900,LM0247,E57,XX,E57aDOQ,,5,0.0757,with_beads,with_beads,,Unknown,Found,,15.04.2022_B2,Dileshi,Box_9_Row_4,,4/15/2022 6:30:48 PM,92.8,ng/µl,1.855,1.075,1.73,0.35,D
598,894,LM0247,E57,XX,E57aPVY,,6,0.0873,with_beads,with_beads,,Unknown,Found,,15.04.2022_B2,Dileshi,Box_9_Row_4,,4/15/2022 6:33:56 PM,189.4,ng/µl,3.787,2.237,1.69,0.52,D
599,898,LM0247,E57,XX,E57aJOV,,7,0.1158,with_beads,with_beads,,Unknown,Found,Available,15.04.2022_B2,Dileshi,Box_9_Row_4,,4/15/2022 6:28:34 PM,143.6,ng/µl,2.871,1.563,1.84,1.36,D
600,907,LM0247,E57,XX,E57aDLM,,8,,,,,Unknown,Unknown,,,,Box_9_Row_4,,,,,,,,,
601,901,LM0247,E57,XX,E57aKOS,,9,0.0762,no_beads,with_beads,vortex_step_21_skipped,Unknown,Found,,15.04.2022_B1,Dileshi,Box_9_Row_4,,4/15/2022 3:09:31 PM,305,ng/µl,6.099,3.341,1.83,2.2,D
602,911,LM0247,E57,XX,E57aAKN,,10,0.0663,with_beads,with_beads,,Unknown,Found,Available,15.04.2022_B2,Dileshi,Box_9_Row_4,,4/15/2022 6:34:37 PM,234.4,ng/µl,4.688,2.605,1.8,1.44,D
603,902,LM0247,E57,XX,E57aEKP,,11,0.0725,with_beads,with_beads,,Unknown,Found,Available,15.04.2022_B2,Dileshi,Box_9_Row_4,,4/15/2022 6:32:12 PM,173.4,ng/µl,3.467,1.914,1.81,0.23,D
604,923,LM0248,E57,,E57aCMV,,0,,,,,Found,Found,,,,Box_9_Row_5,,,,,,,,,
605,928,LM0248,E57,,E57aGNV,,1,0.1083,no_beads,no_beads,4_minute_longer_fridge_incubation,Found,Found,Available,09.03.2022_B1,Dileshi,Box_9_Row_5,,,,,,,,,
606,925,LM0248,E57,,E57aGOY,,2,,,,,Unknown,Found,,,,Box_9_Row_5,,,,,,,,,
607,913,LM0248,E57,,E57aBCK,,3,,,,,Empty,Found,,,,Box_9_Row_5,,,,,,,,,
608,926,LM0248,E57,,E57aADK,,4,0.0302,with_beads,with_beads,,Found,Found,,10.04.2022_B1,Dileshi,Box_9_Row_5,,4/10/2022 5:16:47 PM,93,ng/µl,1.859,1.053,1.77,1.43,D
609,920,LM0248,E57,,E57aCTX,,5,,,,,Unknown,Found,,,,Box_9_Row_5,,,,,,,,,
610,922,LM0248,E57,,E57aDIM,,6,,,,,Unknown,Found,,,,Box_9_Row_5,,,,,,,,,
611,929,LM0248,E57,,E57aBPR,,7,,,,,Unknown,Found,,,,Box_9_Row_5,,,,,,,,,
612,917,LM0248,E57,,E57aCJN,,8,,,,,Unknown,Unknown,,,,Box_9_Row_5,,,,,,,,,
613,921,LM0248,E57,,E57aADS,,9,0.0977,with_beads,with_beads,lost_50%_supertant_step_5,Unknown,Found,Available,15.04.2022_B2,Dileshi,Box_9_Row_5,,4/15/2022 6:29:25 PM,63,ng/µl,1.26,0.702,1.79,1.52,D
614,919,LM0248,E57,,E57aBDH,,10,,,,,Unknown,Found,,,,Box_9_Row_5,,,,,,,,,
615,916,LM0248,E57,,E57aISU,,11,,,,,Unknown,Found,,,,Box_9_Row_5,,,,,,,,,
616,939,LM0249,E57,,E57aBQU,,0,,,,,Found,Found,,,,Box_10_Row_1,,,,,,,,,
617,953,LM0249,E57,,E57aBEX,,1,,,,,Unknown,Found,,,,Box_10_Row_1,,,,,,,,,
618,938,LM0249,E57,,E57aBMS,,2,,,,,Empty,Found,,,,Box_10_Row_1,,,,,,,,,
619,936,LM0249,E57,,E57aLQW,,3,,,,,Unknown,Found,,,,Box_10_Row_1,,,,,,,,,
620,944,LM0249,E57,,E57aOWX,,4,,,,,Empty,Found,,,,Box_10_Row_1,,,,,,,,,
621,947,LM0249,E57,,E57aGKN,,5,,,,,Unknown,Found,,,,Box_10_Row_1,,,,,,,,,
622,934,LM0249,E57,,E57aBHR,,6,,,,,Unknown,Found,,,,Box_10_Row_1,,,,,,,,,
623,948,LM0249,E57,,E57aHPY,,7,,,,,Unknown,Found,,,,Box_10_Row_1,,,,,,,,,
624,951,LM0249,E57,,E57aHIR,,8,,,,,Unknown,Unknown,,,,Box_10_Row_1,,,,,,,,,
625,937,LM0249,E57,,E57aDQY,,9,,,,,Unknown,Found,,,,Box_10_Row_1,,,,,,,,,
626,952,LM0249,E57,,E57aMNY,,10,,,,,Unknown,Found,,,,Box_10_Row_1,,,,,,,,,
627,949,LM0249,E57,,E57aFHO,,11,,,,,Unknown,Found,,,,Box_10_Row_1,,,,,,,,,
628,955,LM0250,E57,,E57aGQW,,0,,,,,Found,Found,,,,Box_11_Row_3,,,,,,,,,
629,963,LM0250,E57,,E57aCDX,,1,0.1007,no_beads,no_beads,4_minute_longer_fridge_incubation,Found,Found,Available,09.03.2022_B1,Dileshi,Box_11_Row_3,,,,,,,,,
630,957,LM0250,E57,,E57aCDQ,,2,,,,,Found,Found,,,,Box_11_Row_3,,,,,,,,,
631,964,LM0250,E57,,E57aLMX,,3,,,,,Found,Unknown,,,,Box_11_Row_3,,,,,,,,,
632,961,LM0250,E57,,E57aDEJ,,4,0.0579,with_beads,with_beads,,Found,Found,,24.03.2022,Alexa,Box_11_Row_3,,3/24/2022 11:51:41 AM,49.6,ng/µl,0.993,0.531,1.87,0.67,D
633,965,LM0250,E57,,E57aISX,,5,,,,,Found,Found,,,,Box_11_Row_3,,,,,,,,,
634,962,LM0250,E57,,E57aEUZ,,6,,,,,Unknown,Found,,,,Box_11_Row_3,,,,,,,,,
635,958,LM0250,E57,,E57aCIY,,7,,,,,Found,Found,,,,Box_11_Row_3,,,,,,,,,
636,956,LM0250,E57,,E57aINS,,8,,,,,Unknown,Unknown,,,,Box_11_Row_3,,,,,,,,,
637,960,LM0250,E57,,E57aKWZ,,9,,,,,Unknown,Unknown,,,,Box_11_Row_3,,,,,,,,,
638,959,LM0250,E57,,E57aBEW,,10,,,,,Unknown,Unknown,,,,Box_11_Row_3,,,,,,,,,
639,954,LM0250,E57,,E57aDKS,,11,,,,,Unknown,Unknown,,,,Box_11_Row_3,,,,,,,,,
640,977,LM0251,E57,,E57aDFZ,,0,,,,,Found,Found,,,,Box_10&11_Row_2&5,,,,,,,,,
641,966,LM0251,E57,,E57aNUW,,1,0.0848,no_beads,no_beads,,Found,Found,,07.03.2022_B1,Fay_Alexa_Dileshi,Box_10&11_Row_2&5,,,,,,,,,
642,979,LM0251,E57,,E57aBFS,,2,,,,,Found,Found,,,,Box_10&11_Row_2&5,,,,,,,,,
643,986,LM0251,E57,,E57aACN,,3,,,,,Unknown,Unknown,,,,Box_10&11_Row_2&5,,,,,,,,,
644,982,LM0251,E57,,E57aATW,,4,,,,,Found,Found,,,,Box_10&11_Row_2&5,,,,,,,,,
645,967,LM0251,E57,,E57aBTZ,,5,,,,,Unknown,Found,,,,Box_10&11_Row_2&5,,,,,,,,,
646,980,LM0251,E57,,E57aFLV,,6,,,,,Unknown,Found,,,,Box_10&11_Row_2&5,,,,,,,,,
647,973,LM0251,E57,,E57aFLV2,,7,,,,,Unknown,Found,,,,Box_10&11_Row_2&5,,,,,,,,,
648,984,LM0251,E57,,E57aJKL,,8,,,,,Unknown,Unknown,,,,Box_10&11_Row_2&5,,,,,,,,,
649,976,LM0251,E57,,E57aBNX,,9,,,,,Unknown,Found,,,,Box_10&11_Row_2&5,,,,,,,,,
650,969,LM0251,E57,,E57aGMQ,,10,,,,,Unknown,Found,,,,Box_10&11_Row_2&5,,,,,,,,,
651,983,LM0251,E57,,E57aBKZ,,11,,,,,Unknown,Found,,,,Box_10&11_Row_2&5,,,,,,,,,
652,989,LM0252,E57,,E57aEFT,,0,,,,,Empty,Found,,,,Box_11_Row_4,,,,,,,,,
653,998,LM0252,E57,,E57aMNW,,1,0.0215,no_beads,no_beads,4_minute_longer_fridge_incubation,Found,Found,,09.03.2022_B1,Dileshi,Box_11_Row_4,,,,,,,,,
654,990,LM0252,E57,,E57aBCM,,2,,,,,Found,Found,,,,Box_11_Row_4,,,,,,,,,
655,991,LM0252,E57,,E57aADG,,3,0.0560,with_beads,with_beads,,Found,Unknown,,23.03.2022,Dileshi,Box_11_Row_4,,,,,,,,,
656,993,LM0252,E57,,E57aAKT,,4,0.0645,with_beads,with_beads,,Found,Found,,24.03.2022,Alexa,Box_11_Row_4,,,,,,,,,
657,997,LM0252,E57,,E57aGMY,,5,,,,,Found,Found,,,,Box_11_Row_4,,,,,,,,,
658,988,LM0252,E57,,E57aDFM,,6,,,,,Unknown,Found,,,,Box_11_Row_4,,,,,,,,,
659,996,LM0252,E57,,E57aJWY,,7,,,,,Found,Found,,,,Box_11_Row_4,,,,,,,,,
660,995,LM0252,E57,,E57aCMS,,8,,,,,Unknown,Unknown,,,,Box_11_Row_4,,,,,,,,,
661,987,LM0252,E57,,E57aIMX,,9,,,,,Unknown,Unknown,,,,Box_11_Row_4,,,,,,,,,
662,992,LM0252,E57,,E57aBNV,,10,,,,,Unknown,Unknown,,,,Box_11_Row_4,,,,,,,,,
663,994,LM0252,E57,,E57aEIR,,11,,,,,Unknown,Unknown,,,,Box_11_Row_4,,,,,,,,,
664,1006,LM0253,E57,,E57aGXY,,0,,,,,Found,Found,,,,Box_11_Row_6,,,,,,,,,
665,1004,LM0253,E57,,E57aOQS,,1,,,,,Unknown,Found,,,,Box_11_Row_6,,,,,,,,,
666,1008,LM0253,E57,,E57aDGJ,,2,,,,,Empty,Found,,,,Box_11_Row_6,,,,,,,,,
667,1010,LM0253,E57,,E57aHXY,,3,,,,,Found,Found,,,,Box_11_Row_6,,,,,,,,,
668,1009,LM0253,E57,,E57aFIM,,4,,,,,Found,Found,,,,Box_11_Row_6,,,,,,,,,
669,1007,LM0253,E57,,E57aGLZ,,5,,,,,Unknown,Found,,,,Box_11_Row_6,,,,,,,,,
670,1003,LM0253,E57,,E57aDSZ,,6,,,,,Unknown,Found,,,,Box_11_Row_6,,,,,,,,,
671,1001,LM0253,E57,,E57aFTY,,7,,,,,Unknown,Found,,,,Box_11_Row_6,,,,,,,,,
672,1000,LM0253,E57,,E57aKLZ,,8,,,,,Unknown,Unknown,,,,Box_11_Row_6,,,,,,,,,
673,1005,LM0253,E57,,E57aBKQ,,9,,,,,Unknown,Unknown,,,,Box_11_Row_6,,,,,,,,,
674,1002,LM0253,E57,,E57aLPS,,10,,,,,Unknown,Unknown,,,,Box_11_Row_6,,,,,,,,,
675,999,LM0253,E57,,E57aLRU,,11,,,,,Unknown,Unknown,,,,Box_11_Row_6,,,,,,,,,
676,1021,LM0254,E57,XX,E57aABE,,0,0.0549,with_beads,with_beads,,Found,Found,Available,23.04.2022_B2,Dileshi,Box_10_Row_3,,4/23/2022 8:19:14 PM,236.9,ng/µl,4.738,2.566,1.85,2.21,D
677,1011,LM0254,E57,XX,E57aEFY,,1,0.1006,no_beads,no_beads,75µl_SX_instead_of_32.5µl_+_no_vortex_at_step_22,Found,Found,,07.03.2022_B2,Dileshi,Box_10_Row_3,,4/26/2022 8:00:49 PM,210.6,ng/µl,4.213,2.373,1.78,1.54,D
678,1029,LM0254,E57,XX,E57aHIU,,2,0.1075,with_beads,with_beads,,Found,Found,Available,24.04.2022_B1,Dileshi,Box_10_Row_3,,4/24/2022 4:07:58 PM,83.3,ng/µl,1.665,0.942,1.77,1.42,D
679,1016,LM0254,E57,XX,E57aILS,,3,0.0536,with_beads,with_beads,,Empty,Found,Available,23.04.2022_B2,Dileshi,Box_10_Row_3,,4/23/2022 8:25:20 PM,32,ng/µl,0.64,0.341,1.88,0.82,D
680,1016,LM0254,E57,XX,E57aCEN,Yes,3,0.0825,with_beads,with_beads,,Empty,Found,Available,24.04.2022_B1,Dileshi,,,4/24/2022 4:09:26 PM,52.2,ng/µl,1.043,0.6,1.74,1.11,D
681,1027,LM0254,E57,XX,E57aCLV,,4,0.0692,with_beads,with_beads,,Found,Found,Available,24.04.2022_B1,Dileshi,Box_10_Row_3,,4/24/2022 4:10:53 PM,15.8,ng/µl,0.316,0.193,1.64,0.66,D
682,1028,LM0254,E57,XX,E57aFOY,,5,0.0622,with_beads,with_beads,,Unknown,Found,Available,24.04.2022_B1,Dileshi,Box_10_Row_3,,4/24/2022 4:07:06 PM,117,ng/µl,2.341,1.312,1.78,1.5,D
683,1024,LM0254,E57,XX,E57aDIN,,6,0.0668,with_beads,with_beads,,Unknown,Found,Available,23.04.2022_B2,Dileshi,Box_10_Row_3,,4/23/2022 8:26:13 PM,171.3,ng/µl,3.426,1.857,1.84,2.04,D
684,1019,LM0254,E57,XX,E57aELP,,7,0.0771,with_beads,with_beads,,Unknown,Found,Available,24.04.2022_B1,Dileshi,Box_10_Row_3,,4/24/2022 4:05:47 PM,86.5,ng/µl,1.73,0.962,1.8,1.92,D
685,1023,LM0254,E57,XX,E57aJOQ,,8,,,,,Unknown,Unknown,,,,Box_10_Row_3,,,,,,,,,
686,1020,LM0254,E57,XX,E57aBKN,,9,0.0870,with_beads,with_beads,,Unknown,Found,Available,24.04.2022_B1,Dileshi,Box_10_Row_3,,4/24/2022 4:11:46 PM,181.7,ng/µl,3.634,2.008,1.81,1.8,D
687,1025,LM0254,E57,XX,E57aDIW,,10,0.0697,with_beads,with_beads,,Unknown,Found,Available,24.04.2022_B1,Dileshi,Box_10_Row_3,,4/24/2022 4:04:19 PM,205.1,ng/µl,4.102,2.253,1.82,2.06,D
688,1022,LM0254,E57,XX,E57aJKN,,11,0.0661,with_beads,with_beads,,Unknown,Found,Available,24.04.2022_B1,Dileshi,Box_10_Row_3,,4/24/2022 4:03:19 PM,212.1,ng/µl,4.241,2.323,1.83,2.11,D
689,1036,LM0255,E57,XX,E57aLNW,,0,0.0157,with_beads,with_beads,,Found,Found,,07.04.2022_B1,Dileshi,Box_10_Row_4,,4/7/2022 2:18:10 PM,123.4,ng/µl,2.469,1.505,1.64,0.97,D
690,1044,LM0255,E57,XX,E57aFHI,,1,0.0375,no_beads,no_beads,4_minute_longer_fridge_incubation,Found,Found,,09.03.2022_B1,Dileshi,Box_10_Row_4,,,,,,,,,
691,1045,LM0255,E57,,E57aIOU,,2,,,,,Found,Found,,,,Box_10_Row_4,,,,,,,,,
692,1042,LM0255,E57,,labels,,3,0.0777,with_beads,with_beads,,Found,Found,,24.03.2022,Alexa,Box_10_Row_4,,3/24/2022 11:48:39 AM,188.4,ng/µl,3.767,2.062,1.83,1.9,D
693,1047,LM0255,E57,,E57aACD,,4,,,,,Found,Found,,,,Box_10_Row_4,,,,,,,,,
694,1040,LM0255,E57,,E57aMQS,,5,,,,,Unknown,Found,,,,Box_10_Row_4,,,,,,,,,
695,1049,LM0255,E57,XX,E57aHUY,,6,0.0667,with_beads,with_beads,,Unknown,Found,Available,24.04.2022_B1,Dileshi,Box_10_Row_4,,4/24/2022 4:06:24 PM,266.2,ng/µl,5.324,2.912,1.83,2.01,D
696,1043,LM0255,E57,XX,E57aHKT,,7,0.0544,with_beads,with_beads,,Unknown,Found,,24.04.2022_B1,Dileshi,Box_10_Row_4,,4/24/2022 4:08:39 PM,309.9,ng/µl,6.198,3.406,1.82,2.13,D
697,1034,LM0255,E57,,E57aELN,,8,,,,,Unknown,Unknown,,,,Box_10_Row_4,,,,,,,,,
698,1032,LM0255,E57,,E57aVXY,,9,,,,,Unknown,Empty,,,,Box_10_Row_4,,,,,,,,,
699,1033,LM0255,E57,XX,E57aRVX,,10,0.0253,with_beads,with_beads,,Unknown,Found,,01.05.2022_B1,Dileshi,Box_10_Row_4,,5/1/2022 3:43:50 PM,284,ng/µl,5.681,3.109,1.83,2.26,D
700,1035,LM0255,E57,,E57aBEJ,,11,,,,,Unknown,Found,,,,Box_10_Row_4,,,,,,,,,
701,1071,LM0256,E57,,E57aOQZ,,0,,,,,Found,Found,,,,Box_10_Row_5,,,,,,,,,
702,1066,LM0256,E57,,E57aGTY,,1,,,,,Unknown,Found,,,,Box_10_Row_5,,,,,,,,,
703,1054,LM0256,E57,,E57aBLZ,,2,,,,,Found,Found,,,,Box_10_Row_5,,,,,,,,,
704,1058,LM0256,E57,,E57aCXY,,3,,,,,Unknown,Found,,,,Box_10_Row_5,,,,,,,,,
705,1069,LM0256,E57,,E57aBLX,,4,,,,,Empty,Found,,,,Box_10_Row_5,,,,,,,,,
706,1059,LM0256,E57,,E57aDTY,,5,,,,,Unknown,Found,,,,Box_10_Row_5,,,,,,,,,
707,1068,LM0256,E57,,E57aMQT,,6,,,,,Unknown,Found,,,,Box_10_Row_5,,,,,,,,,
708,1070,LM0256,E57,,E57aCLZ,,7,,,,,Unknown,Found,,,,Box_10_Row_5,,,,,,,,,
709,1062,LM0256,E57,,E57aGLV,,8,,,,,Unknown,Unknown,,,,Box_10_Row_5,,,,,,,,,
710,1063,LM0256,E57,,E57aLMW,,9,,,,,Unknown,Found,,,,Box_10_Row_5,,,,,,,,,
711,1073,LM0256,E57,,E57aKWY,,10,,,,,Unknown,Found,,,,Box_10_Row_5,,,,,,,,,
712,1060,LM0256,E57,,E57aQRU,,11,,,,,Unknown,Found,,,,Box_10_Row_5,,,,,,,,,
713,1082,LM0257,E57,,E57aCGI,,0,,,,,Found,Found,Available,,,Box_11_Row_1,,,,,,,,,
714,1092,LM0257,E57,,E57aQVZ,,1,0.0648,no_beads,no_beads,75µl_SX_instead_of_32.5µl_+_no_vortex_at_step_22,Found,Found,,07.03.2022_B2,Dileshi,Box_11_Row_1,,,,,,,,,
715,1075,LM0257,E57,,E57aDPT,,2,,,,,Empty,Found,,,,Box_11_Row_1,,,,,,,,,
716,1079,LM0257,E57,,E57aIJY,,3,0.0147,with_beads,with_beads,,Found,Found,,23.03.2022,Alexa,Box_11_Row_1,,,,,,,,,
717,1091,LM0257,E57,,E57aAWY,,4,,,,,Found,Found,,,,Box_11_Row_1,,,,,,,,,
718,1089,LM0257,E57,,E57aMQR,,5,,,,,Found,Found,,,,Box_11_Row_1,,,,,,,,,
719,1087,LM0257,E57,,E57aIRX,,6,,,,,Unknown,Found,,,,Box_11_Row_1,,,,,,,,,
720,1081,LM0257,E57,,E57aQTW,,7,,,,,Found,Found,,,,Box_11_Row_1,,,,,,,,,
721,1088,LM0257,E57,,E57aPSY,,8,,,,,Unknown,Unknown,,,,Box_11_Row_1,,,,,,,,,
722,1076,LM0257,E57,,E57aKMS,,9,,,,,Unknown,Found,,,,Box_11_Row_1,,,,,,,,,
723,1074,LM0257,E57,,E57aJLY,,10,,,,,Unknown,Found,,,,Box_11_Row_1,,,,,,,,,
724,1077,LM0257,E57,,E57aINV,,11,,,,,Unknown,Found,,,,Box_11_Row_1,,,,,,,,,